LLS;LLSADI;TIPO_DTM;CLIENTE_PLAN_TOYOTA;TIPO_MASTIL;CLIENTE;OPERADORA;FECHA_INICIO;FECHA_FIN;RIGS;KM;DESTINO;VIAJES_NORMALES;VIAJES_SOBREDIMENSIONADOS;TRAILER;TRACTOR VACTOR;TRACTOR CISTERNA;TRACTOR;SEMIRREMOLQUE;REMOLQUE;PETROLERO;MAQUINAS ESPECIALES;MANLIFT;MANIPULADOR;LIVIANO;GRUA;GENERADOR;DOLLY;CISTERNA;CARRETON;CARGADORA;BATEA;AUTOELEVADOR;ACCESORIO;DURACION_DIAS;ORIGEN_REGISTRO
16941;169554;S;N;A;C33690244239;C33515950899;;2025-09-15;F19;36.0;BPP;3;2;;;;;;;;;;;;;;;;;;;;;;REAL
174997;;S;N;D;C30685218190;C30546689979;2025-11-10;2025-11-15;SNB-01;25.0;LOMA CAMPANA;;;0;0;0;9;3;0;0;0;0;0;0;0;0;0;0;5;0;0;0;0;5;REAL
174939;175173;E;N;D;;;2025-11-05;2025-11-19;SAI-652;94.5;AÑELO;2;1;0;0;0;0;0;0;0;0;0;0;0;0;0;0;0;0;0;0;0;0;14;REAL
174867;;E;N;D;C30670239418;C30546689979;2025-11-06;2025-11-10;MARBAR 166;6.0;LAJE;7;;0;0;0;5;3;0;0;0;0;0;0;0;0;0;0;3;0;0;0;0;4;REAL
172346;173616;E;S;A;C33690244239;C30546689979;2025-09-29;2025-10-28;F-07;32.0;LA CAVERNA;4;3;0;0;0;13;3;0;1;0;0;0;0;0;0;0;0;11;0;0;0;0;29;REAL
17368;173921;S;N;A;;;2025-10-20;2025-11-10;sai-652;7.5;BAJO DEL CHOIQUE;6;6;0;0;0;8;1;0;1;0;0;0;0;0;0;0;0;5;0;0;0;0;21;REAL
169151;172242;S;S;A;C30715110268;C30546689979;;2025-10-07;DLS167;25.0;LOMA CAMPANA;3;2;0;0;0;11;0;0;2;1;0;0;1;0;0;0;0;9;0;0;0;0;;REAL
17298;173611;S;N;D;;;2025-10-09;2025-10-28;ENG-768;5.5;Rincon de Aranda;5;4;0;0;0;10;1;0;1;0;0;0;0;0;0;0;1;6;0;0;0;0;19;REAL
170639;177285;S;N;A;;;2025-09-10;2025-10-21;PLUS-03;18.0;LA CALERA;20;20;0;0;0;7;1;0;1;1;0;0;0;0;0;0;0;6;0;0;0;0;41;REAL
177109;178519;S;N;A;;;;;F-10;4.0;AGUADA PICHANA;4;4;0;0;0;9;2;0;3;0;0;1;0;4;0;0;0;7;1;0;0;0;;REAL
172488;172856;S;N;A;C30553613147;C30678224010;2025-10-01;2025-10-20;SAI-652;5.4;BAJO DEL CHOIQUE;1;1;0;0;0;6;1;0;1;0;0;0;0;0;0;1;0;9;0;0;0;0;19;REAL
17369;173922;S;S;D;C30697295883;C30546689979;2025-10-21;2025-11-03;HP-229;27.0;BAJO DEL TORO;4;4;0;0;0;11;1;0;0;0;0;0;0;0;0;0;0;9;0;0;0;0;13;REAL
177388;178515;S;N;A;;;;;F-34;8.0;BAJADA DEL PALO OESTE;4;4;0;0;0;9;1;0;1;0;0;0;0;0;0;0;0;8;0;0;0;0;;REAL
171996;173791;E;N;D;;;2025-09-22;2025-11-04;NB-991;51.5;AGUADA FEDERAL;2;2;0;0;0;16;8;0;0;0;0;0;0;0;0;0;0;5;1;0;0;0;43;REAL
176542;176859;S;S;A;C33690244239;C30546689979;;;NABORS 990;11.3;LA AMARGA CHICA;5;5;0;0;0;15;3;0;1;0;0;0;0;0;0;1;1;10;0;0;0;0;;REAL
173167;173795;S;S;A;C30715110268;C30546689979;2025-10-12;2025-11-03;DLS-168;32.5;LAS CAVERNAS;3;3;0;0;0;12;3;0;1;0;0;0;0;0;0;0;0;8;0;0;0;0;22;REAL
172762;173797;S;N;A;;;2025-10-05;2025-11-03;F-34;16.0;BAJADA DEL PALO OESTE;4;4;0;0;0;7;1;0;0;0;0;0;0;0;0;0;0;6;0;0;0;0;29;REAL
17731;17981;S;N;;;;;2026-02-10;F-24;26.0;BAJADA DEL PALO;3;3;0;0;0;11;2;0;2;0;1;1;0;3;0;0;0;9;1;0;0;0;;REAL
175133;;E;N;D;C30670239418;C30592665472;2025-11-13;2025-11-17;MARBAR F-36;25.0;FDP;4;0;0;0;0;7;3;0;0;0;0;0;0;0;0;0;0;3;0;0;0;0;4;REAL
172484;173047;E;N;D;;;2025-10-04;2025-10-26;PAE-01;146.0;COIRON AMARGO SUR ESTE;1;1;0;0;0;19;3;0;0;0;0;0;0;0;0;0;0;11;0;0;0;0;22;REAL
173164;;S;N;D;C30685218190;C30546689979;2025-10-10;2025-10-31;SNB-01;27.8;PIA;6;6;0;0;0;10;0;0;0;0;0;0;0;0;0;0;0;0;0;0;0;0;21;REAL
174064;;E;N;D;C30715340026;C30546689979;2025-10-26;2025-10-30;SADA-167;130.0;LOMA CAMPANA;1;1;;;;;;;;;;;;;;;;;;;;;4;REAL
182401;;E;S;D;C33690244239;C30546689979;2026-03-12;;M-1211;48.0;LOMA LA LATA;2;2;4;0;0;22;5;0;4;9;2;0;6;6;3;0;1;16;2;0;0;4;;REAL
17387;174794;E;N;D;C30715110268;C30695542476;2025-10-27;2025-11-21;DLS-170;56.0;AÑELO;3;3;0;0;0;15;5;0;0;0;0;0;0;1;0;0;0;11;0;0;0;0;25;REAL
166245;0;S;N;A;;;2025-07-12;;F36;170.0;FORTIN DE PIEDRA;;1;;;;;;;;;;;;;;;;;;;;;;REAL
174297;174789;E;N;D;C30715110268;C30695542476;2025-10-28;2025-11-25;DLS-165;142.5;CASE;1;1;0;1;0;19;3;0;0;0;0;0;0;0;0;0;0;18;0;0;0;0;28;REAL
173988;;E;N;D;C30715340026;C30546689979;2025-11-06;2025-11-11;SADA-166;100.0;PARQUE INDUSTRIAL NEUQUEN;;;0;0;0;8;2;0;0;0;0;0;0;0;0;0;0;4;0;0;0;0;5;REAL
174455;174461;S;S;A;C30715110268;C30546689979;2025-11-01;2025-11-12;DLS-166;6.2;LAJE;5;5;0;0;0;11;3;0;2;0;0;0;0;1;0;0;0;9;0;0;0;0;11;REAL
174714;174798;E;N;A;C30697295883;C30523479241;2025-11-05;2025-11-16;HP-447;0.1;EL TRAPIAL;0;0;0;0;0;3;0;0;1;0;0;0;0;2;0;0;0;3;2;0;0;0;11;REAL
172123;0;E;S;D;C33690244239;C30546689979;2025-09-27;2025-10-20;F-35;53.0;LAJE;2;2;0;0;0;18;6;0;0;0;0;0;1;0;0;0;0;12;0;0;0;0;23;REAL
174499;175171;S;N;D;C33690244239;C30592665472;2025-11-01;2025-11-23;F-36;25.0;FORTIN DE PIEDRA;4;4;0;0;0;13;1;0;1;0;0;0;0;0;0;0;0;13;0;0;0;0;22;REAL
16942;170496;E;N;D;;;;2025-09-20;R224;130.0;LAJE;2;1;0;0;0;4;0;0;0;0;0;0;0;0;0;0;0;2;0;0;0;0;;REAL
174292;174796;S;N;A;C30697295883;C30710346409;2025-10-30;2025-11-21;HP-230;20.0;MATA MORA;4;4;0;0;0;15;4;0;1;0;0;0;0;0;0;0;1;10;0;0;0;0;22;REAL
186744;18799;E;N;D;C33690244239;C30592665472;2026-05-21;2026-06-29;NB-991;116.4;PUESTO PARADA;1;1;0;0;0;22;4;0;2;4;1;0;1;7;0;0;0;17;3;0;0;0;39;REAL
175961;;E;N;D;C30553613147;C30678224010;2025-11-20;2025-11-26;SAI-652;18.0;BAJO DEL CHOIQUE;2;1;0;0;0;6;0;0;2;0;0;0;0;0;0;0;0;5;1;0;0;0;6;REAL
176434;;S;N;D;C30685218190;C30546689979;2025-11-28;;SNB-01;11.0;LOMA LA LATA;3;3;0;0;0;10;3;0;0;0;0;0;0;0;0;0;0;5;0;0;0;0;;REAL
178165;;E;N;;C30670239418;C30592665472;;;MARBAR F-26;335.0;Los toldos este;1;;0;0;0;8;4;0;0;0;0;0;0;0;0;0;0;2;0;0;0;0;;REAL
172759;173054;E;N;D;C33690244239;C30710346409;2025-10-05;2025-10-25;F-10;123.0;AGUADA PICHANA;6;8;0;0;0;15;6;0;0;0;0;0;0;0;0;0;0;11;0;0;0;0;20;REAL
175896;175972;S;S;A;C30715110268;C30546689979;2025-11-21;;DLS-166;12.0;LAJE;4;4;0;0;0;10;3;0;1;0;0;0;0;0;0;1;1;6;0;0;0;0;;REAL
175161;175969;E;N;D;C30718432657;C30546689979;2025-11-15;;HP-430;168.0;PIN;15;3;0;0;0;26;4;0;4;0;1;1;0;7;0;0;0;22;1;0;0;0;;REAL
17429;175798;S;S;A;C33690244239;C30546689979;2025-10-29;;F-03;28.0;LAS CAVERNAS;4;4;0;0;0;17;3;0;1;0;0;0;0;0;0;0;0;15;0;0;0;0;;REAL
175448;175968;S;N;A;C33690244239;C33515950899;2025-11-17;;F-19;16.0;BAJADA DEL PALO;4;4;0;0;0;14;2;0;0;0;0;0;0;1;0;0;0;11;1;0;0;0;;REAL
177888;;S;N;D;C30670239418;C30546689979;;;MARBAR 166;6.0;LAJE;4;5;0;0;0;10;3;0;0;0;0;0;0;1;0;0;0;6;0;0;0;0;;REAL
183654;;S;S;A;C30697295883;C30592665472;;;HP-213;2.2;LTE.s;5;;3;0;0;9;1;0;3;6;0;0;3;2;2;1;1;7;2;0;0;3;;REAL
176286;177395;S;S;A;C30715110268;C30546689979;2025-11-28;;DLS-169;12.5;LA AMARGA CHICA;5;5;0;0;0;10;1;0;1;0;0;0;0;0;0;0;0;9;0;0;0;0;;REAL
176021;177064;E;S;D;C33690244239;C30546689979;2025-11-24;;M-1211;31.5;LOMA CAMPANA;4;4;0;0;0;16;3;0;0;0;0;0;0;0;0;0;0;12;0;0;0;0;;REAL
177763;;E;N;;C30685218190;C30685218190;;;SNB-01;;AÑELO;2;2;0;0;0;15;3;0;0;0;0;0;0;0;0;0;0;10;0;0;0;0;;REAL
177609;;E;N;;C33616008639;C30546689979;;;NOV-169;12.0;LACH;4;4;0;0;0;5;0;0;0;0;0;0;0;0;0;0;0;2;0;0;0;0;;REAL
177884;177886;S;N;A;C30715110268;C30546689979;;;DLS-170;9.0;LOMA CAMPANA;;;0;0;0;11;2;0;0;0;0;0;0;0;0;0;0;9;0;0;0;0;;REAL
177306;17789;S;S;A;C30715110268;C30546689979;;;DLS-166;6.5;LAJE;5;5;0;0;0;12;2;0;1;0;0;0;0;0;0;1;1;10;0;0;0;0;;REAL
178049;;E;N;D;C30685218190;C30546689979;;;SNB-01;120.0;ENTRE LAGOS;2;1;0;0;0;18;4;0;0;0;0;0;0;0;0;0;0;13;0;0;0;0;;REAL
18243;183192;S;S;D;C30715110268;C30546689979;2026-03-23;;DLS 166;41.0;LAJE;2;;4;0;0;18;6;0;2;5;0;0;6;2;0;0;0;12;2;0;0;2;;REAL
176752;177627;E;S;D;C30715110268;C30546689979;;;DLS-170;11.0;LOMA CAMPANA;4;4;0;0;0;17;2;0;0;0;0;0;0;0;0;0;0;11;0;0;0;0;;REAL
177986;;E;N;D;C30715340026;C30546689979;;;SADA-166;122.0;ENTRE LAGOS;1;0;0;0;0;8;4;0;0;0;0;0;0;0;0;0;0;4;0;0;0;0;;REAL
178056;17852;S;N;D;;;;;SAI-651;13.5;BAJO DEL CHOIQUE;4;3;0;0;0;8;1;0;1;0;0;0;0;1;0;0;1;6;1;0;0;0;;REAL
175497;;E;N;D;C30553613147;C30678224010;2025-11-16;;SAI-652;18.0;BAJO DEL CHOIQUE;5;5;0;0;0;9;1;0;0;0;0;0;0;0;0;0;1;8;0;0;0;0;;REAL
178113;178461;S;S;D;C30697295883;C30546689979;;;HP-224;136.0;La Amarga chica;;;0;0;0;30;7;0;0;0;0;0;0;0;0;0;0;20;0;0;0;0;;REAL
178527;179811;S;N;A;C30697295883;C30710346409;;2026-02-03;HP-230;19.0;MATA MORA;4;4;0;0;0;8;1;0;3;0;0;0;0;2;0;0;0;7;2;0;0;0;;REAL
172121;173505;E;N;D;;;2025-09-26;2025-10-20;HP-210;134.0;Rincon de Aranda;1;1;0;0;0;22;6;0;0;0;0;0;0;0;0;0;1;10;0;0;0;0;24;REAL
178562;;S;N;A;C33616008639;C30569719344;;;F-10;4.0;AGUADA PICHANA;5;5;0;0;0;4;1;0;0;0;0;0;0;0;0;0;0;3;0;0;0;0;;REAL
176901;178522;E;N;D;;;;;PLUS-03;99.0;BAJO DEL CHOIQUE;2;2;0;0;0;19;3;0;0;0;0;0;0;0;0;0;0;15;0;0;0;0;;REAL
179736;180101;S;S;A;C33690244239;C30546689979;;2026-02-17;NB-990;39.5;LA AMARGA CHICA;3;3;0;0;0;15;3;0;2;0;0;0;0;1;0;0;1;11;0;0;0;0;;REAL
179068;;E;N;D;C33616008639;C30710346409;;;NOV-234;67.0;MATA MORA;2;0;0;0;0;5;1;0;0;0;0;0;0;0;0;0;0;0;0;0;0;0;;REAL
177574;178518;S;S;A;C33690244239;C30546689979;;;F-35;39.0;LAJE;3;3;0;0;0;14;3;0;1;0;0;0;0;0;0;0;0;10;0;0;0;0;;REAL
179196;;E;N;D;C30670239418;C30546689979;;;MARBAR F-35;39.0;LAJE;2;2;0;0;0;2;0;0;0;0;0;0;0;0;0;0;0;2;0;0;0;0;;REAL
17816;179126;S;S;A;C30715110268;C30546689979;;;DLS-167;15.5;LOMA CAMPANA;4;4;0;0;0;13;4;0;1;0;0;0;0;0;0;0;0;9;0;0;0;0;;REAL
179262;;S;N;D;C30715340026;C30546689979;;;SADA-167;13.5;LOMA CAMPANA;4;4;0;0;0;5;3;0;0;0;0;0;0;0;0;0;0;2;0;0;0;0;;REAL
17856;179472;S;N;D;C30692298426;C30526552659;;;ENG-768;9.0;Rincon de Aranda;5;5;0;0;0;7;1;0;0;0;0;0;0;0;0;0;0;6;0;0;0;0;;REAL
179546;;E;N;D;C33616008639;C30546689979;;2026-02-01;NOV-167;16.0;LOMA CAMPANA;4;4;0;0;0;6;2;0;0;0;0;0;0;0;0;0;0;4;0;0;0;0;;REAL
179555;180495;S;N;D;C30553613147;C30678224010;;2026-02-16;SAI-652;13.0;BAJO DEL CHOIQUE;4;4;0;0;0;7;1;0;3;0;0;0;0;3;0;0;0;6;2;0;0;0;;REAL
179498;179921;E;S;D;;;;2026-02-05;HP-210;187.0;LAJE;1;1;0;0;0;24;6;0;0;0;0;0;0;0;0;0;0;18;0;0;0;0;;REAL
177939;17851;S;N;A;;;;;PLUS-02;2.5;LA CALERA;5;5;0;0;0;6;1;0;1;0;0;0;0;1;0;0;1;4;0;0;0;0;;REAL
179778;;E;N;D;C30685218190;C30546689979;;2026-02-02;SNB-01;251.0;NARAMBUENA;1;1;0;0;0;15;4;0;0;0;0;0;0;0;0;0;0;9;0;0;0;0;;REAL
172358;173499;S;N;D;C33690244239;C33515950899;2025-09-29;2025-10-31;F-24;22.0;BAJO DEL PALO ESTE;4;4;0;0;0;10;2;0;0;0;0;0;0;0;0;0;0;8;0;0;0;0;32;REAL
180075;180865;S;S;A;C30715110268;C30546689979;;2026-02-21;DLS-167;6.5;LOMA CAMPANA;5;5;0;0;0;10;2;0;3;0;0;0;0;4;0;0;0;8;3;0;0;0;;REAL
176344;179473;S;N;D;C30692298426;C30695570933;2025-11-28;2026-02-10;ENG-771;;CRUZ DE LORENA ;4;4;0;0;0;11;1;0;3;0;0;0;0;4;0;0;0;10;2;0;0;0;74;REAL
179077;180077;S;S;A;C30715110268;C30546689979;;2026-02-10;DLS-168;13.5;LAS CAVERNAS;4;4;0;0;0;13;3;0;1;0;0;0;0;0;0;0;1;9;0;0;0;0;;REAL
179263;179988;S;N;D;C30715110268;C30695542476;;2026-02-15;PAE-01;19.0;CASE;4;3;0;0;0;12;2;0;2;0;0;0;0;0;0;0;1;9;0;0;0;0;;REAL
180165;;S;N;D;C30715340026;C30546689979;2026-02-02;2026-02-10;SADA-168;13.5;LAS CAVERNAS;4;4;0;0;0;6;1;0;0;0;0;0;0;0;0;0;0;5;0;0;0;0;8;REAL
180931;;E;N;D;C30715340026;C30546689979;2026-02-17;2026-02-25;SADA-167;120.0;LC;6;0;0;0;0;7;5;0;0;0;0;0;0;1;0;0;0;2;1;0;0;0;8;REAL
18122;181224;E;N;A;C30715110268;;2026-02-22;2026-03-02;DLS-165;0.12;COIRON AMARGO SUR ESTE;0;0;0;0;0;1;0;0;2;4;0;0;3;1;1;0;1;0;1;0;0;0;8;REAL
179896;180775;S;N;A;C33690244239;C33515950899;;2026-02-25;NB-991;24.0;BAJADA DEL PALO OESTE;;;0;0;0;15;2;0;2;0;1;0;0;3;0;0;0;13;2;0;0;0;;REAL
179507;181104;E;N;D;C30715110268;C30546689979;;2026-03-06;DLS-163;36.0;RIO NEUQUEN;2;2;0;0;0;20;7;0;2;0;0;1;0;2;0;0;0;13;1;0;0;0;;REAL
181576;182722;E;S;D;;;2026-02-26;2026-03-27;HP-229;235.0;LAJE;1;1;3;0;0;31;8;0;2;6;0;0;13;4;1;0;1;20;3;1;0;2;29;REAL
180992;;E;N;D;C30670239418;C30546689979;2026-02-17;2026-02-22;MARBAR - D.BAYO;328.0;BASE NEUQUEN;7;0;0;0;0;6;3;0;2;0;0;0;0;2;0;0;0;3;0;0;0;0;5;REAL
180677;;E;N;D;C33718575759;C30718030478;2026-02-10;2026-02-28;PRC-01;328.0;LOMA DE LA MINA;1;1;0;0;0;15;2;0;0;0;0;0;0;0;0;0;0;13;0;0;0;0;18;REAL
180097;180777;S;N;A;C30692298426;C30526552659;2026-02-02;2026-03-18;ENG-768;11.0;RINCON DE ARANDA;4;4;0;0;0;10;2;0;3;0;0;0;0;5;0;0;0;7;2;0;0;0;44;REAL
18081;;S;N;A;C30670239418;C30592665472;2026-02-13;2026-02-17;MARBAR-213;180.0;LOS TOLDOS;1;1;0;0;0;7;2;0;2;0;0;0;0;2;0;0;0;4;0;0;0;0;4;REAL
18136;181734;E;N;D;C33690244239;C30678224010;2026-02-24;2026-03-12;PLUS-01;11.0;BAJO DEL CHOIQUE;3;3;2;0;0;11;2;0;2;8;0;0;3;2;0;0;0;9;2;0;0;1;16;REAL
181856;;E;N;D;C30670239418;C30592665472;2026-03-03;2026-03-20;MARBAR F-36;16.0;FORTIN DE PIEDRA;3;3;0;0;0;4;1;0;1;0;0;0;1;1;0;0;0;3;2;0;0;0;17;REAL
18128;;E;N;D;C30685218190;C30546689979;2026-02-23;2026-03-01;SNB-01;166.5;LOMA LA LATA;1;1;0;0;0;14;2;0;0;0;0;0;0;0;0;0;0;8;0;0;0;0;6;REAL
179784;181737;S;N;A;C33690244239;C30592665472;;2026-03-16;F-36;16.0;FORTIN DE PIEDRA;3;3;2;0;0;10;1;0;3;9;1;0;2;4;0;1;0;9;2;0;0;3;;REAL
180386;182185;E;N;A;C33690244239;C30569719344;2026-02-06;2026-03-18;F-10;86.0;LOMA JARILLOSA;1;1;3;0;0;20;5;0;2;9;1;0;4;5;0;0;0;18;3;0;0;2;40;REAL
180169;;E;N;D;C33616008639;C30569719344;2026-03-07;2026-03-19;NOV-F-10;86.0;LOMA JARILLOSA;1;1;0;0;0;3;2;0;1;0;0;0;0;2;0;0;0;1;1;0;0;0;12;REAL
182231;;E;N;D;C30553613147;;2026-03-10;2026-03-14;SAI-363;30.0;BASE SAI;1;1;0;0;0;5;1;0;3;0;0;0;0;1;0;0;0;4;0;0;0;0;4;REAL
182323;182455;E;N;D;C30697295883;C30546689979;2026-03-11;2026-03-19;HP-219;187.5;LAJE;1;1;1;0;0;32;11;0;2;6;0;0;7;3;0;0;1;24;2;0;0;0;8;REAL
182381;;E;N;D;C30670239418;C30592665472;2026-03-11;2026-03-20;MARBAR 213;2.5;LOS TOLDOS;5;5;0;0;0;2;3;0;1;0;0;0;0;2;0;0;0;1;0;0;0;0;9;REAL
181944;182186;S;N;A;C30697295883;C30526552659;2026-03-04;2026-03-18;HP-211;5.5;RINCON DE ARANDA;;;0;0;0;8;3;0;1;0;0;0;0;0;0;0;0;7;0;0;0;0;14;REAL
169422;170501;E;N;D;;;;2025-09-20;R229;51.0;BDT;3;1;0;0;0;13;5;0;0;0;0;0;0;0;0;0;0;8;0;0;0;0;;REAL
177393;182414;S;S;A;C33690244239;C30546689979;2026-02-24;2026-03-24;F-07;33.0;LAS CAVERNAS;3;3;4;0;0;14;4;0;3;9;2;0;4;4;0;1;0;7;2;0;0;2;28;REAL
181876;182875;S;N;D;C30692298426;C30695570933;2026-03-03;2026-03-31;ENG-771;19.0;CRUZ DE LORENA ;5;5;4;0;0;11;2;0;4;0;1;0;6;4;1;0;1;7;2;0;0;0;28;REAL
183006;;E;N;D;C30670239418;C30546689979;2026-03-22;2026-03-29;MARBAR-229;235.0;LAJE;1;1;0;0;0;6;2;0;2;0;0;0;1;2;0;0;0;4;0;0;0;0;7;REAL
182653;183188;S;N;A;C30715110268;C30695542476;2026-03-16;;DLS-165;17.5;COIRON AMARGO SUR ESTE;5;4;0;0;0;12;2;0;3;0;0;0;5;2;0;1;0;10;2;0;0;2;;REAL
182182;183186;S;S;A;C30715110268;C30546689979;2026-03-08;;DLS-169;5.0;LA AMARGA CHICA;5;5;5;0;0;13;3;0;3;13;0;0;6;2;0;1;1;9;2;0;0;4;;REAL
183027;;S;N;D;C30697295883;C30705037775;2026-03-24;;HP-234;5.5;MATA MORA;4;4;4;0;0;10;1;0;4;6;0;0;4;3;1;1;0;8;2;0;0;3;;REAL
177838;176437;S;N;A;;;;;SAI-652;6.5;BAJO DEL CHOIQUE;5;4;0;0;0;9;2;0;1;0;0;0;0;0;0;1;1;6;0;0;0;0;;REAL
176878;177285;S;N;A;C33690244239;C30678224010;;;PLUS-01;2.5;BBA;6;6;0;0;0;5;1;0;1;0;0;0;0;0;0;0;0;4;0;0;0;0;;REAL
1756;;S;N;D;;;2025-11-28;;MARBAR 166;12.0;LAJE;4;0;0;0;0;4;2;0;0;0;0;0;0;0;0;0;0;2;0;0;0;0;;REAL
18401;184456;E;N;D;C30553613147;C30629827060;;;SAI-651;264.0;AGUADA DEL CAJON;1;1;3;0;0;21;5;0;2;1;0;0;8;3;1;0;0;15;2;0;0;9;;REAL
183195;184027;S;S;A;C33690244239;C33515950899;2026-03-27;;F-19;21.5;BAJADA DEL PALO OESTE;3;3;2;0;0;12;1;0;3;5;2;0;3;5;0;2;0;12;3;0;0;1;;REAL
183825;;E;N;D;C30670239418;C30546689979;;;MARBAR 166;41.0;LAJE;2;2;0;0;0;7;3;0;0;0;0;0;0;0;0;0;0;5;0;0;0;0;;REAL
18399;;E;N;D;C30670239418;C30592665472;;;MARBAR 213;2.2;LOS TOLDOS;5;5;0;0;0;4;1;0;1;0;0;0;1;1;0;0;0;3;0;0;0;0;;REAL
183572;184064;S;S;A;C30715110268;C30546689979;2026-03-31;;DLS-170;5.0;LOMA CAMPANA;5;5;0;0;0;10;1;0;3;10;0;0;5;2;0;1;1;9;2;0;0;5;;REAL
183829;184455;S;S;A;C33690244239;C30546689979;;;NBS-990;17.5;LAA;4;4;3;0;0;8;1;0;3;8;1;0;6;4;2;1;0;7;2;0;0;4;;REAL
184265;18446;E;N;A;C33690244239;C30592665472;;2026-05-04;F-26;0.0;LOS TOLDOS;;;3;0;0;2;0;0;2;8;1;0;6;4;1;1;0;1;1;0;0;2;;REAL
184463;;E;N;;C30670239418;C30592665472;;2026-05-04;MARBAR F-26;0.0;LOS TOLDOS;10;10;0;0;0;1;0;0;1;0;0;0;0;1;0;0;0;0;0;0;0;0;;REAL
185469;;E;N;D;C30685218190;C30546689979;2026-05-02;2026-05-11;SNB-01;136.0;BAJO DEL TORO;1;1;0;0;0;13;7;0;0;0;0;0;1;2;0;0;0;7;0;0;0;0;9;REAL
183127;184893;S;N;D;C33690244239;C33515950899;2026-03-24;2026-05-09;F-24;30.0;BAJADA DEL PALO ESTE;4;4;1;0;0;9;1;0;3;6;1;0;3;6;0;0;0;8;2;0;0;2;46;REAL
185465;;S;N;D;C30670239418;C30592665472;2026-05-03;2026-05-15;MARBAR F-15;9.5;LOS TOLDOS ESTE;5;5;0;0;0;2;0;0;2;0;0;0;0;1;0;0;0;0;1;0;0;0;12;REAL
1834;184457;S;S;A;C33690244239;C30546689979;2026-03-27;2026-05-05;F-03;10.0;LAS CAVERNAS;8;8;4;0;0;12;2;0;3;8;1;0;1;4;0;1;0;11;2;0;0;1;39;REAL
184493;185555;E;N;D;C30697295883;C30705037775;;2026-05-12;HP-230;10.3;MATA MORA;5;5;2;0;0;14;3;0;4;6;0;0;3;5;0;0;1;10;3;0;0;0;;REAL
184186;;S;S;A;C33690244239;C30546689979;;2026-05-20;F-35;37.0;LAJE;4;4;3;0;0;13;7;0;3;11;1;0;3;3;0;1;0;8;2;0;0;6;;REAL
184221;18547;S;N;A;C33690244239;C30642555274;;2026-05-17;F-10;1.5;LOMA JARILLOSA;8;8;0;0;0;7;2;0;4;16;1;0;1;4;0;1;0;6;2;0;0;2;;REAL
184489;185472;S;N;A;C33690244239;C30592665472;;2026-05-11;F-15;9.5;LOS TOLDOS ESTE;5;5;3;0;0;6;1;0;3;8;2;0;5;4;2;1;0;5;2;0;0;2;;REAL
183109;185814;S;N;A;C30553613147;C30678224010;2026-03-22;2026-05-20;PLUS-02;30.0;LA CALERA;2;1;0;0;0;11;2;0;4;6;0;2;2;2;0;1;1;8;1;0;0;4;59;REAL
185019;185744;S;S;A;C30715110268;C30546689979;;2026-05-20;DLS-168;13.5;LAS CAVERNAS;5;5;3;0;0;7;2;0;4;9;0;0;2;4;0;1;0;6;2;0;0;1;;REAL
185472;185955;S;N;D;C30697295883;C30592665472;2026-05-06;2026-05-23;HP-213;23.0;BAJO DEL TORO;5;5;1;0;0;14;3;0;3;6;0;0;1;2;0;0;0;15;2;0;0;2;17;REAL
184767;185812;S;N;A;C33690244239;C33515950899;;2026-05-19;F-34;5.5;BAJADA DEL PALO OESTE;5;5;1;0;0;8;1;0;3;8;1;0;4;4;0;1;1;6;3;0;0;6;;REAL
185552;;E;N;D;C30692298426;C30526552659;2026-05-05;2026-06-18;ENG-768;116.0;SiERRA CHATA;1;1;3;0;0;19;3;0;2;8;1;0;9;4;2;0;0;16;2;0;0;2;44;REAL
185334;186598;S;N;A;C30715110268;C30695542476;;2026-05-31;PAE-01;23.0;CASE;5;5;0;0;0;9;1;0;3;5;0;0;4;2;0;1;0;10;2;0;0;2;;REAL
185022;186369;S;S;D;C30715110268;C30546689979;;2026-05-31;DLS-167;30.5;LOMA CAMPANA;4;4;6;0;0;12;2;0;3;9;0;0;9;2;0;1;1;9;2;0;0;2;;REAL
18652;187121;E;N;D;C30715110268;C30546689979;2026-05-19;2026-06-25;DLS-175;1.18;ENTRE LAGOS;;;0;0;0;33;5;1;0;0;0;0;0;0;0;0;0;11;0;0;0;0;37;REAL
184254;186594;S;N;A;C30553613147;C30678224010;;2026-06-01;PLUS-03;6.0;BAJO DEL CHOIQUE;5;5;4;0;0;10;1;0;4;12;0;0;2;2;0;1;1;8;4;0;0;5;;REAL
18643;187247;S;S;;C30553613147;C30629827060;2026-05-16;2026-06-06;SAI-651;5.5;AGUADA DEL CAJON;;;1;0;0;8;2;0;3;0;0;0;4;3;0;1;0;6;2;0;0;1;21;REAL
186956;187247;S;N;D;C30715110268;C30695542476;2026-05-26;2026-06-11;DLS-165;144.0;APO;0;0;2;0;0;20;2;0;2;10;1;0;12;2;0;0;1;13;3;0;0;11;16;REAL
186814;;S;S;D;C30715340026;C30546689979;2026-05-22;2026-05-31;SADA-167;30.0;LOMA CAMPANA;3;;;;;;;;;;;;;;;;;;;;;;9;REAL
184255;18725;S;S;;C30553613147;C30678224010;;2026-06-08;SAI-652;13.0;BAJO DEL CHOIQUE;4;;5;0;0;14;3;0;4;3;0;0;3;3;0;1;1;10;2;0;0;5;;REAL
192813;193195;E;S;D;C30715110268;C30546689979;;;DLS-163;47.2;LAJE;4;4;2;0;0;15;4;0;2;5;0;0;2;3;0;0;0;11;2;0;0;2;;REAL
186815;;F;S;D;C30503610988;C30546689979;2026-05-29;2026-06-07;HASA-01;10.0;LOMA CAMPANA;;;0;0;0;10;5;0;0;0;0;0;0;0;0;0;0;4;0;0;0;0;9;REAL
186027;186592;S;S;A;C30715110268;C30546689979;2026-05-14;2026-06-07;DLS-163;1.5;RIO NEUQUEN;8;8;2;0;0;6;3;0;6;5;0;0;4;4;0;1;1;4;4;0;0;1;24;REAL
188405;188533;S;S;A;C30697295883;C30546689979;2026-06-09;2026-06-30;HP-229;14.7;ENTRE LAGOS;4;4;3;0;0;10;2;0;3;0;0;0;4;2;0;1;0;5;2;0;0;1;21;REAL
187995;;S;S;A;C30715110268;C30546689979;2026-06-08;2026-06-27;DLS-169;25.7;LA AMARGA CHICA;4;4;0;0;0;20;5;0;6;5;0;0;2;3;0;2;1;11;2;0;0;2;19;REAL
187131;;S;N;A;C30697295883;C30526552659;2026-05-27;2026-06-24;HP-211;2.0;RINCON DE ARANDA;5;;0;0;0;7;2;0;4;6;0;0;4;2;0;1;0;3;2;0;0;1;28;REAL
186368;;S;S;;C33690244239;C30546689979;2026-05-15;2026-06-18;F-07;21.0;LAS CAVERNAS;3;;2;0;0;16;4;0;3;16;1;0;3;5;0;1;0;11;2;0;0;4;34;REAL
187435;;E;N;A;C30685218190;C30546689979;2026-06-01;2026-06-23;SNB-01;165.0;LOMA LA LATA;1;1;0;0;0;15;5;0;0;0;0;0;1;2;0;0;0;4;0;0;0;0;22;REAL
186607;188262;S;N;D;C33690244239;C30642555274;2026-05-20;2026-06-29;F-10;84.0;AGUADA PICHANA ;2;2;1;0;0;19;3;0;2;8;1;0;7;4;0;1;1;19;2;0;0;0;40;REAL
187866;189225;S;S;A;C33690244239;C30592665472;2026-06-01;2026-07-03;F-36;1.0;FORTIN DE PIEDRA;6;6;3;0;0;7;1;0;3;0;1;0;4;4;1;1;0;4;2;0;0;1;32;REAL
18933;;S;N;D;C30670239418;C30592665472;2026-06-25;2026-06-30;MARBAR F-36;1.0;FORTIN DE PIEDRA;3;3;0;0;0;2;0;0;1;0;0;0;0;1;0;0;0;1;1;0;0;0;5;REAL
188525;18954;S;S;A;C30715110268;C30546689979;2026-06-17;2026-07-05;DLS-166;9.0;LAJE;5;5;0;0;0;9;1;0;4;0;0;0;0;2;0;1;0;8;2;0;0;0;18;REAL
188636;189684;S;S;A;C33690244239;C30546689979;2026-06-24;2026-07-07;N-990;15.0;LA AMARGA CHICA;5;5;0;0;0;10;2;0;3;1;1;0;2;5;0;0;0;11;2;1;0;0;13;REAL
18974;;S;N;A;C30670239418;C30546689979;2026-07-01;2026-07-08;MARBAR DLS-166;9.0;LAJE;5;5;0;0;0;5;2;0;2;0;0;0;0;1;0;0;0;0;0;0;0;0;7;REAL
189545;;S;N;D;C30715340026;C30546689979;2026-06-28;2026-07-05;SADA DLS-166;9.0;LAJE;5;5;0;0;0;3;0;0;0;0;0;0;0;1;0;0;0;0;0;0;0;0;7;REAL
189746;190126;E;S;D;C30715110268;C30546689979;2026-06-30;;DLS-163;167.0;LAJE;2;2;2;0;0;13;3;0;2;0;0;0;1;4;0;0;0;8;2;0;0;0;;REAL
188633;190334;S;N;A;C33690244239;C30678224010;2026-07-01;2026-07-21;PLUS-01;11.0;BAJO DEL CHOIQUE;5;5;2;0;0;10;3;0;3;8;0;0;2;2;1;1;1;8;3;0;0;1;20;REAL
187037;189977;S;N;A;C33690244239;C33515950899;2026-06-27;2026-07-14;F-19;12.5;BAJADA DEL PALO ESTE;8;8;2;0;0;12;4;0;3;10;1;0;3;5;0;1;1;8;2;0;0;2;17;REAL
189538;191376;S;N;A;C33690244239;C33515950899;2026-06-29;;F-24;7.0;BAJADA DEL PALO ESTE;5;5;3;0;0;8;0;0;3;0;1;0;5;4;2;1;0;8;2;0;0;2;;REAL
189743;190444;S;N;A;C33690244239;C30592665472;2026-06-30;2026-07-21;F-26;10.0;LOS TOLDOS ESTE;5;5;2;0;0;9;1;0;3;12;1;0;2;4;0;1;0;5;2;0;0;1;21;REAL
190477;191104;S;N;A;C30553613147;C30678224010;2026-07-08;;PLUS-03;0.4;BAJO DEL CHOIQUE;10;10;0;0;0;6;3;0;3;0;0;0;0;2;0;0;0;2;2;0;0;0;;REAL
190107;19102;S;S;D;C30697295883;C30546689979;2026-07-03;;HP-219;52.0;LAJE;3;3;0;0;0;17;1;0;0;0;0;0;0;1;0;0;0;12;0;0;0;0;;REAL
190468;191101;S;N;A;C30715110268;C30695542476;2026-07-09;;PAE-01;1.5;CASE;6;6;0;0;0;5;1;0;2;4;0;0;3;2;0;1;0;3;2;0;0;1;;REAL
189679;190831;S;N;D;C30692298426;C30695570933;2026-06-29;;ENG-771;30.0;SIERRAS BLANCAS;5;5;3;0;0;11;3;0;4;0;1;0;4;4;0;0;0;6;2;0;0;1;;REAL
190129;190832;S;S;A;;C30546689979;2026-07-02;;F-35;10.0;LAJE;4;4;3;0;0;13;5;0;3;8;1;1;4;3;0;1;0;9;1;0;0;1;;REAL
192811;;S;N;A;C30692298426;C30526552659;;2026-09-12;ENG-768;8.6;SiERRA CHATA;4;4;3;0;0;12;3;0;3;9;1;0;2;4;0;0;0;8;2;0;0;2;;REAL
191371;;S;N;D;C30685218190;C30546689979;2026-07-24;;SNB-01;44.0;LA AMARGA CHICA;2;0;0;0;0;11;7;0;0;0;0;0;0;0;0;0;0;2;0;0;0;0;;REAL
188901;;F;S;;C30503610988;C30546689979;2026-06-21;2026-07-06;SET-05;5.0;LAJE;5;;;;;;;;;;;;;;;;;;;;;;15;REAL
123456;1230;F;N;L;;;2023-09-01;2023-11-10;TEST;;FORTIN DE PIEDRA;;;0;0;0;0;0;0;0;0;0;0;1;2;0;0;0;0;0;0;0;0;70;REAL
191834;192126;E;N;D;C30697295883;C30546689979;2026-07-29;;HP-210;347.0;LOMA AMARILLA;1;1;2;0;0;28;14;0;3;12;0;0;4;3;0;0;0;14;2;0;0;2;;REAL
192238;;E;N;A;C33690244239;C33515950899;;;F-34;36.5;COIRON AMARGO ;8;8;3;0;0;16;2;0;2;0;1;0;4;4;0;0;1;13;2;0;0;2;;REAL
192495;19267;S;N;A;C30715110268;C30695542476;;;PAE-01;26.0;CASE;7;7;2;0;0;10;1;0;3;5;0;0;4;4;0;1;1;7;3;0;0;1;;REAL
192235;192676;E;N;A;C33690244239;C30592665472;;;F-15;18.0;LOS TOLDOS ESTE;0;0;1;0;0;11;2;0;3;6;1;0;2;4;0;2;0;8;2;0;0;2;;REAL
192505;192908;S;N;A;C30697295883;C30705037775;;;HP-230;12.0;MATA MORA;10;10;0;0;0;12;2;0;5;6;0;0;3;2;0;1;0;9;3;0;0;3;;REAL
193251;193727;S;S;A;C30715110268;C30546689979;;2026-09-10;DLS-169;39.5;LAA - LA AMARGA CHICA;2;;4;0;0;13;4;0;3;5;0;0;3;3;0;1;0;9;2;0;0;1;;REAL
191657;;F;S;D;C30503610988;C30546689979;2026-07-28;;SET-01;6.0;LA AMARGA CHICA;15;0;0;0;0;14;5;0;0;0;0;2;2;0;0;0;0;4;0;0;0;0;;REAL
19195;192902;S;S;A;C30715110268;C30546689979;2026-07-31;;DLS-168;9.0;LAS CAVERNAS;10;10;4;0;0;11;3;0;3;10;0;0;3;2;0;1;0;6;3;0;0;3;;REAL
190074;;F;S;;C30503610988;C30546689979;2026-07-03;2026-07-09;SET-04;6.5;BASE ;5;;0;0;0;6;3;0;0;0;0;0;0;0;0;0;0;0;0;0;0;0;6;REAL
192725;;E;S;D;C30670239418;C30546689979;;;HP-210;347.0;LOMA AMARILLA;0;;0;0;0;9;0;0;0;0;0;0;1;3;0;0;0;0;0;0;0;0;;REAL
193245;19363;S;N;D;C30697295883;C30546689979;;2026-09-08;HP-213;33.0;LESC;2;;2;0;0;13;4;0;2;10;0;0;5;4;0;0;0;8;2;0;0;0;;REAL
193365;;E;S;D;;;;;MARBAR-DLS163;47.0;LAJE;2;;0;0;0;2;0;0;0;0;0;0;0;2;0;0;0;0;0;0;0;0;;REAL
190466;191379;S;S;A;C30715110268;C30546689979;2026-07-09;;DLS-170;12.0;LOMA CAMPANA;5;5;1;0;0;15;3;0;5;0;0;0;5;5;0;0;0;11;2;0;0;0;;REAL
191098;;S;S;A;C30670239418;C30546689979;2026-07-18;;MARBAR F-35;10.0;LAJE ;2;;0;0;0;0;0;0;0;0;0;0;0;0;0;0;0;0;0;0;0;0;;REAL
19146;;S;S;A;C30670239418;C30546689979;2026-07-20;;MARBAR-HP219;20.0;LAJE;2;;;;;;;;;;;;;;;;;;;;;;;REAL
193247;193631;E;S;D;C30697295883;C30546689979;;2026-09-08;HP-235;100.0;LAJES ;1;;3;0;0;18;2;0;2;5;0;0;1;4;3;0;0;8;3;0;1;2;;REAL
190668;;F;S;;C30503610988;C30546689979;2026-07-20;;SET-05;27.0;LAJE;3;0;0;0;0;19;8;0;0;0;0;2;4;0;0;0;0;6;0;0;0;0;;REAL
19273;;S;N;A;C30670239418;C30592665472;;;MARBAR F-15;18.0;LTE;2;;0;0;0;2;1;0;1;0;0;0;0;1;0;0;0;0;0;0;0;0;;REAL
190577;192906;E;S;D;;C30546689979;2026-07-13;2026-09-08;NABORS- M1211;36.0;LOMA CAMPANA;2;;0;0;0;16;6;0;3;5;1;0;1;7;0;0;0;10;2;0;0;0;57;REAL
193622;;F;S;;C30503610988;C30546689979;;2026-09-08;SET-05;5.0;LAJE;5;;0;0;0;16;6;0;0;0;0;0;1;0;0;0;0;4;0;0;0;1;;REAL
193618;;F;S;;C30503610988;C30546689979;2026-09-04;2026-09-15;SET-02;17.9;LAA;5;;0;0;1;19;6;0;0;0;0;0;0;0;0;0;0;6;0;0;0;0;11;REAL
194101;;S;N;D;C30670239418;C30546689979;2026-09-02;2026-09-15;HP-213;33.0;LESC;2;;0;0;0;5;1;0;0;0;0;0;0;0;0;0;0;2;0;0;0;0;13;REAL
190581;194255;E;S;A;C33690244239;C30546689979;2026-09-06;2026-09-18;F-03;48.0;LAS CAVERNAS;3;3;0;0;0;14;4;0;4;8;1;0;0;6;0;1;0;11;2;0;0;4;12;REAL
193731;192131;E;N;D;C33690244239;C30714814229;;2026-09-27;F-10;143.5;CHARCO DEL PALENQUE;;;0;0;0;27;10;0;2;10;1;0;5;5;0;0;0;17;2;0;0;0;;REAL
193437;194253;S;N;D;C30692298426;C30695570933;;2026-09-25;ENG-771;67.0;BAJADA DE AÑELO;2;2;2;0;0;15;5;0;3;0;1;0;8;4;0;0;0;8;2;0;0;0;;REAL
192899;194165;E;S;A;C30715110268;C30546689979;;2026-09-30;DLS-167;55.0;LOMA CAMPANA;4;4;1;0;0;12;6;0;3;20;0;0;8;2;0;2;0;8;2;0;0;2;;REAL
193729;194048;S;S;A;;;;2026-09-23;NBS-990;16.0;a definir;9;9;0;0;0;11;2;0;3;4;1;0;2;5;0;1;0;8;2;0;0;1;;REAL
193625;194874;E;S;;C33690244239;C30546689979;;2026-09-27;F-07;24.5;LCAV;2;;1;0;0;16;5;0;3;13;1;0;4;5;1;1;0;12;2;0;0;3;;REAL
193443;195053;E;N;D;C33690244239;C33515950899;;2026-09-27;F-19;129.0;AGUILA LA MORA;2;2;1;0;0;29;5;0;3;11;1;1;7;4;1;0;0;22;3;0;0;2;;REAL
194247;195217;E;N;D;C33690244239;C30592665472;2026-09-04;2026-09-29;F-36;57.0;FORTIN DE PIEDRA;4;4;0;0;0;10;3;0;2;8;1;0;2;4;0;1;0;2;2;0;0;1;25;REAL
194736;;E;S;A;C30715340026;C30546689979;2026-09-09;2026-09-20;SADA (DLS-167);55.0;LOMA CAMPANA;4;4;0;0;0;6;4;0;2;0;0;0;1;2;0;0;0;2;2;0;0;0;11;REAL
19405;195505;S;S;A;C30715110268;C30546689979;2026-09-15;2026-10-01;DLS-166;9.0;LAJE;5;5;0;0;0;1;0;0;2;4;0;0;0;2;0;0;0;0;1;0;0;2;16;REAL
194733;195507;E;S;D;C30715110268;C30546689979;2026-09-07;2026-10-10;DLS-163;343.0;AGUAS NEGRAS;1;1;0;0;0;13;2;0;1;0;0;0;0;1;0;0;0;5;0;0;0;0;33;REAL
195508;195509;S;N;A;C30553613147;C30678224010;2026-01-08;2026-01-29;SAI-652;5.72;BAJO DEL CHOIQUE;1;1;0;0;0;6;1;0;1;0;0;0;0;0;0;1;0;10;0;0;0;0;21;SINTETICO
195510;195511;E;N;D;C30715340026;C30546689979;2026-03-29;2026-04-02;SADA-167;141.72;LOMA CAMPANA;1;1;;;;;;;;;;;;;;;;;;;;;4;SINTETICO
195512;;F;S;;C30503610988;C30546689979;2026-01-15;2026-01-30;SET-05;4.98;LAJE;4;;;;;;;;;;;;;;;;;;;;;;15;SINTETICO
195513;;S;N;D;;;2026-03-28;2026-04-15;ENG-768;5.31;Rincon de Aranda;5;4;0;0;0;11;1;0;1;0;0;0;0;0;0;0;1;6;0;0;0;0;18;SINTETICO
195514;195515;F;S;;C30503610988;C30546689979;2026-05-17;2026-05-23;SET-04;7.09;BASE ;4;;0;0;0;5;3;0;0;0;0;0;0;0;0;0;0;0;0;0;0;0;6;SINTETICO
195516;;S;N;D;C30670239418;C30546689979;2026-08-10;2026-08-24;HP-213;29.91;LESC;2;;0;0;0;5;1;0;0;0;0;0;0;0;0;0;0;2;0;0;0;0;14;SINTETICO
195517;195518;E;N;A;C30697295883;C30523479241;2026-01-10;2026-01-21;HP-447;0.11;EL TRAPIAL;0;0;0;0;0;3;0;0;1;0;0;0;0;2;0;0;0;3;2;0;0;0;11;SINTETICO
195519;195520;E;N;D;C30697295883;C30546689979;2026-04-05;2026-04-12;HP-219;209.92;LAJE;1;1;1;0;0;33;12;0;2;7;0;0;7;3;0;0;1;23;2;0;0;0;7;SINTETICO
195521;195522;E;S;A;C33690244239;C30546689979;2025-06-25;2025-07-24;F-07;33.27;LA CAVERNA;4;3;0;0;0;13;3;0;1;0;0;0;0;0;0;0;0;12;0;0;0;0;29;SINTETICO
195523;195524;E;N;D;;;2025-05-29;2025-06-19;HP-210;129.91;Rincon de Aranda;1;1;0;0;0;22;6;0;0;0;0;0;0;0;0;0;1;11;0;0;0;0;21;SINTETICO
195525;195526;S;N;D;C30685218190;C30546689979;2025-08-28;2025-09-14;SNB-01;27.62;PIA;5;5;0;0;0;9;0;0;0;0;0;0;0;0;0;0;0;0;0;0;0;0;17;SINTETICO
195527;;E;N;A;C30715110268;;2026-07-19;2026-07-28;DLS-165;0.12;COIRON AMARGO SUR ESTE;0;0;0;0;0;1;0;0;2;3;0;0;3;1;1;0;1;0;1;0;0;0;9;SINTETICO
195528;195529;S;S;A;C30697295883;C30546689979;2026-03-31;2026-04-18;HP-229;14.0;ENTRE LAGOS;4;4;3;0;0;10;2;0;3;0;0;0;3;2;0;1;0;6;2;0;0;1;18;SINTETICO
195530;195531;S;N;D;C30715110268;C30695542476;2026-01-03;2026-01-18;DLS-165;136.63;APO;0;0;2;0;0;16;2;0;2;8;1;0;13;2;0;0;1;19;3;0;0;9;15;SINTETICO
195532;195533;S;N;D;C30692298426;C30695570933;2026-02-21;2026-03-20;ENG-771;17.76;CRUZ DE LORENA ;5;5;5;0;0;11;2;0;3;0;1;0;6;4;1;0;1;8;2;0;0;0;27;SINTETICO
195534;195535;E;S;A;C30715340026;C30546689979;2026-06-04;2026-06-17;SADA (DLS-167);51.81;LOMA CAMPANA;4;5;0;0;0;5;5;0;2;0;0;0;1;2;0;0;0;2;2;0;0;0;13;SINTETICO
195536;195537;S;S;A;C33690244239;C30546689979;2025-09-13;2025-10-11;F-07;29.63;LAS CAVERNAS;4;3;4;0;0;15;5;0;3;8;2;0;4;5;0;1;0;6;2;0;0;2;28;SINTETICO
195538;195539;S;N;D;;;2026-02-06;2026-02-28;ENG-768;5.33;Rincon de Aranda;4;3;0;0;0;11;1;0;1;0;0;0;0;0;0;0;1;6;0;0;0;0;22;SINTETICO
195540;195541;E;N;D;C30715340026;C30546689979;2025-07-20;2025-07-23;SADA-167;136.7;LOMA CAMPANA;1;1;;;;;;;;;;;;;;;;;;;;;3;SINTETICO
195542;195543;E;N;A;C30685218190;C30546689979;2026-06-30;2026-07-24;SNB-01;160.59;LOMA LA LATA;1;1;0;0;0;14;5;0;0;0;0;0;1;2;0;0;0;5;0;0;0;0;24;SINTETICO
195544;;S;N;A;C30697295883;C30526552659;2025-12-17;2025-12-31;HP-211;5.4;RINCON DE ARANDA;;;0;0;0;8;3;0;1;0;0;0;0;0;0;0;0;7;0;0;0;0;14;SINTETICO
195545;195546;S;N;D;C30685218190;C30546689979;2026-04-27;2026-05-02;SNB-01;23.29;LOMA CAMPANA;;;0;0;0;7;3;0;0;0;0;0;0;0;0;0;0;5;0;0;0;0;5;SINTETICO
195547;;S;S;;C30553613147;C30629827060;2025-12-26;2026-01-11;SAI-651;5.21;AGUADA DEL CAJON;;;1;0;0;7;2;0;3;0;0;0;4;2;0;1;0;8;2;0;0;1;16;SINTETICO
195548;195549;S;N;D;C30715340026;C30546689979;2026-10-20;2026-10-27;SADA DLS-166;8.16;LAJE;5;6;0;0;0;3;0;0;0;0;0;0;0;1;0;0;0;0;0;0;0;0;7;SINTETICO
195550;195551;E;S;D;;C30546689979;2026-12-12;2027-02-06;NABORS- M1211;34.92;LOMA CAMPANA;2;;0;0;0;15;6;0;3;5;1;0;1;7;0;0;0;11;2;0;0;0;56;SINTETICO
195552;;S;N;A;C30697295883;C30526552659;2026-10-09;2026-11-06;HP-211;2.05;RINCON DE ARANDA;7;;0;0;0;9;2;0;4;5;0;0;5;2;0;1;0;2;2;0;0;1;28;SINTETICO
195553;;E;N;A;C30697295883;C30523479241;2026-04-27;2026-05-08;HP-447;0.1;EL TRAPIAL;0;0;0;0;0;3;0;0;1;0;0;0;0;2;0;0;0;3;2;0;0;0;11;SINTETICO
195554;195555;S;N;A;C30670239418;C30546689979;2026-06-18;2026-06-25;MARBAR DLS-166;9.13;LAJE;5;4;0;0;0;5;3;0;2;0;0;0;0;1;0;0;0;0;0;0;0;0;7;SINTETICO
195556;195557;S;N;A;C30697295883;C30526552659;2026-03-26;2026-04-22;HP-211;1.83;RINCON DE ARANDA;6;;0;0;0;8;3;0;5;6;0;0;5;2;0;1;0;3;2;0;0;1;27;SINTETICO
195558;195559;E;N;D;C30715340026;C30546689979;2026-01-19;2026-01-23;SADA-167;138.14;LOMA CAMPANA;1;1;;;;;;;;;;;;;;;;;;;;;4;SINTETICO
195560;195561;S;N;D;C30697295883;C30592665472;2026-07-26;2026-08-12;HP-213;20.11;BAJO DEL TORO;4;5;1;0;0;15;3;0;3;6;0;0;1;2;0;0;0;16;2;0;0;2;17;SINTETICO
195562;195563;E;N;D;C33616008639;C30569719344;2026-02-23;2026-03-07;NOV-F-10;86.5;LOMA JARILLOSA;1;1;0;0;0;3;2;0;1;0;0;0;0;2;0;0;0;1;1;0;0;0;12;SINTETICO
195564;;F;S;;C30503610988;C30546689979;2026-12-12;2026-12-23;SET-02;19.43;LAA;5;;0;0;1;17;6;0;0;0;0;0;0;0;0;0;0;6;0;0;0;0;11;SINTETICO
195565;;E;N;D;C33690244239;C30592665472;2026-04-30;2026-05-25;F-36;52.17;FORTIN DE PIEDRA;5;4;0;0;0;9;3;0;2;8;1;0;2;5;0;1;0;3;2;0;0;1;25;SINTETICO
195566;;E;N;D;C33616008639;C30569719344;2026-04-08;2026-04-22;NOV-F-10;86.74;LOMA JARILLOSA;1;1;0;0;0;2;2;0;1;0;0;0;0;2;0;0;0;1;1;0;0;0;14;SINTETICO
195567;;E;N;D;C33718575759;C30718030478;2026-08-08;2026-08-27;PRC-01;315.62;LOMA DE LA MINA;1;1;0;0;0;17;2;0;0;0;0;0;0;0;0;0;0;14;0;0;0;0;19;SINTETICO
195568;195569;E;S;D;C33690244239;C30546689979;2025-06-25;2025-07-20;F-35;53.83;LAJE;2;2;0;0;0;17;6;0;0;0;0;0;1;0;0;0;0;8;0;0;0;0;25;SINTETICO
195570;195571;S;S;A;C30715110268;C30546689979;2027-01-02;2027-01-17;DLS-166;7.32;LAJE;6;5;0;0;0;1;0;0;2;5;0;0;0;2;0;0;0;0;1;0;0;2;15;SINTETICO
195572;195573;S;N;A;C30553613147;C30678224010;2026-02-05;2026-02-22;SAI-652;4.76;BAJO DEL CHOIQUE;1;1;0;0;0;8;1;0;1;0;0;0;0;0;0;1;0;10;0;0;0;0;17;SINTETICO
195574;;S;S;A;C30715110268;C30546689979;2026-03-20;2026-03-30;DLS-166;6.66;LAJE;5;4;0;0;0;10;3;0;2;0;0;0;0;1;0;0;0;9;0;0;0;0;10;SINTETICO
195575;195576;E;S;D;C33690244239;C30546689979;2026-03-07;2026-04-01;F-35;46.74;LAJE;2;2;0;0;0;19;6;0;0;0;0;0;1;0;0;0;0;16;0;0;0;0;25;SINTETICO
195577;195578;S;N;A;;;2025-05-21;2025-06-22;F-34;16.21;BAJADA DEL PALO OESTE;3;4;0;0;0;7;1;0;0;0;0;0;0;0;0;0;0;5;0;0;0;0;32;SINTETICO
195579;195580;S;N;D;C30715340026;C30546689979;2026-03-18;2026-03-25;SADA DLS-166;8.2;LAJE;5;6;0;0;0;3;0;0;0;0;0;0;0;1;0;0;0;0;0;0;0;0;7;SINTETICO
195581;;E;N;D;C30715340026;C30546689979;2026-03-13;2026-03-21;SADA-167;117.27;LC;7;0;0;0;0;7;6;0;0;0;0;0;0;1;0;0;0;2;1;0;0;0;8;SINTETICO
195582;;E;N;D;C33690244239;C30592665472;2026-09-09;2026-10-05;F-36;57.42;FORTIN DE PIEDRA;4;4;0;0;0;9;3;0;2;9;1;0;2;4;0;1;0;2;2;0;0;1;26;SINTETICO
195583;;F;S;;C30503610988;C30546689979;2026-01-09;2026-01-16;SET-04;5.72;BASE ;6;;0;0;0;5;2;0;0;0;0;0;0;0;0;0;0;0;0;0;0;0;7;SINTETICO
195584;;E;N;D;C30670239418;C30592665472;2026-01-21;2026-01-30;MARBAR 213;2.98;LOS TOLDOS;5;5;0;0;0;2;3;0;1;0;0;0;0;2;0;0;0;1;0;0;0;0;9;SINTETICO
195585;195586;S;S;;C33690244239;C30546689979;2026-05-24;2026-06-30;F-07;19.84;LAS CAVERNAS;4;;2;0;0;14;5;0;3;19;1;0;4;5;0;1;0;14;2;0;0;3;37;SINTETICO
195587;195588;E;S;D;C33690244239;C30546689979;2026-02-21;2026-03-17;F-35;46.36;LAJE;2;2;0;0;0;12;5;0;0;0;0;0;1;0;0;0;0;11;0;0;0;0;24;SINTETICO
195589;195590;S;N;A;C33690244239;C30678224010;2026-08-20;2026-09-09;PLUS-01;10.78;BAJO DEL CHOIQUE;5;4;2;0;0;11;3;0;3;8;0;0;3;2;1;1;1;7;3;0;0;1;20;SINTETICO
195591;195592;E;S;D;C30715110268;C30546689979;2027-02-05;2027-03-13;DLS-163;321.99;AGUAS NEGRAS;1;1;0;0;0;12;2;0;1;0;0;0;0;1;0;0;0;5;0;0;0;0;36;SINTETICO
195593;;S;N;A;C30670239418;C30592665472;2025-11-25;2025-11-28;MARBAR-213;182.73;LOS TOLDOS;1;1;0;0;0;7;2;0;1;0;0;0;0;2;0;0;0;4;0;0;0;0;3;SINTETICO
195594;195595;E;N;A;C33690244239;C30569719344;2026-06-18;2026-07-23;F-10;99.74;LOMA JARILLOSA;1;1;4;0;0;16;5;0;3;7;1;0;4;5;0;0;0;20;3;0;0;1;35;SINTETICO
195596;;E;S;D;C33690244239;C30546689979;2025-08-26;2025-09-17;F-35;58.4;LAJE;2;2;0;0;0;20;6;0;0;0;0;0;1;0;0;0;0;13;0;0;0;0;22;SINTETICO
195597;;E;S;D;;;2025-10-08;2025-11-07;HP-229;208.23;LAJE;1;1;3;0;0;32;7;0;2;6;0;0;13;4;1;0;1;18;3;1;0;2;30;SINTETICO
195598;195599;S;N;A;C30670239418;C30592665472;2026-06-20;2026-06-24;MARBAR-213;216.71;LOS TOLDOS;1;1;0;0;0;7;2;0;2;0;0;0;0;2;0;0;0;4;0;0;0;0;4;SINTETICO
195600;;E;N;D;C30685218190;C30546689979;2026-05-13;2026-05-19;SNB-01;193.84;LOMA LA LATA;1;1;0;0;0;15;1;0;0;0;0;0;0;0;0;0;0;8;0;0;0;0;6;SINTETICO
195601;195602;E;N;D;C30697295883;C30546689979;2026-08-08;2026-08-17;HP-219;184.89;LAJE;1;1;1;0;0;28;11;0;2;6;0;0;5;3;0;0;1;23;2;0;0;0;9;SINTETICO
195603;195604;E;N;D;C30670239418;C30546689979;2025-11-13;2025-11-18;MARBAR - D.BAYO;340.65;BASE NEUQUEN;4;0;0;0;0;7;3;0;2;0;0;0;0;2;0;0;0;3;0;0;0;0;5;SINTETICO
195605;;E;N;D;C30715340026;C30546689979;2025-06-24;2025-06-28;SADA-167;134.01;LOMA CAMPANA;1;1;;;;;;;;;;;;;;;;;;;;;4;SINTETICO
195606;195607;E;N;D;C30692298426;C30526552659;2026-04-13;2026-05-25;ENG-768;127.62;SiERRA CHATA;1;1;3;0;0;23;3;0;2;8;1;0;10;3;2;0;0;14;1;0;0;2;42;SINTETICO
195608;195609;S;S;A;C30715110268;C30546689979;2026-08-30;2026-09-15;DLS-166;9.8;LAJE;4;5;0;0;0;1;0;0;2;3;0;0;0;2;0;0;0;0;1;0;0;2;16;SINTETICO
195610;195611;E;N;D;;;2025-04-07;2025-04-29;PAE-01;133.91;COIRON AMARGO SUR ESTE;1;1;0;0;0;15;3;0;0;0;0;0;0;0;0;0;0;10;0;0;0;0;22;SINTETICO
195612;195613;E;N;A;C33690244239;C30569719344;2026-06-09;2026-07-10;F-10;93.76;LOMA JARILLOSA;1;1;4;0;0;21;6;0;2;7;1;0;4;5;0;0;0;17;3;0;0;2;31;SINTETICO
195614;195615;S;N;D;C30670239418;C30546689979;2026-05-12;2026-05-22;HP-213;28.72;LESC;2;;0;0;0;6;1;0;0;0;0;0;0;0;0;0;0;1;0;0;0;0;10;SINTETICO
195616;;E;N;D;C30553613147;;2025-09-12;2025-09-16;SAI-363;34.31;BASE SAI;1;1;0;0;0;5;1;0;3;0;0;0;0;1;0;0;0;5;0;0;0;0;4;SINTETICO
195617;;S;N;A;;;2025-07-22;2025-09-04;PLUS-03;19.23;LA CALERA;21;24;0;0;0;8;1;0;1;1;0;0;0;0;0;0;0;4;0;0;0;0;44;SINTETICO
195618;195619;E;N;D;C30670239418;C30546689979;2025-08-27;2025-09-02;MARBAR - D.BAYO;294.42;BASE NEUQUEN;9;0;0;0;0;7;3;0;2;0;0;0;0;2;0;0;0;3;0;0;0;0;6;SINTETICO
195620;195621;S;N;D;C30715110268;C30695542476;2026-08-04;2026-08-18;DLS-165;144.7;APO;0;0;2;0;0;20;3;0;2;10;1;0;12;2;0;0;1;13;3;0;0;9;14;SINTETICO
195622;;S;N;A;;;2025-07-23;2025-08-21;F-34;13.71;BAJADA DEL PALO OESTE;5;5;0;0;0;8;1;0;0;0;0;0;0;0;0;0;0;5;0;0;0;0;29;SINTETICO
195623;195624;E;N;D;C30715110268;C30695542476;2025-11-15;2025-12-13;DLS-170;57.7;AÑELO;3;3;0;0;0;12;5;0;0;0;0;0;0;1;0;0;0;11;0;0;0;0;28;SINTETICO
195625;195626;E;S;A;C33690244239;C30546689979;2026-01-14;2026-02-10;F-07;30.71;LA CAVERNA;4;3;0;0;0;13;3;0;1;0;0;0;0;0;0;0;0;10;0;0;0;0;27;SINTETICO
195627;;S;S;D;C30715340026;C30546689979;2026-02-03;2026-02-11;SADA-167;30.76;LOMA CAMPANA;2;;;;;;;;;;;;;;;;;;;;;;8;SINTETICO
195628;;S;N;A;C33690244239;C30592665472;2026-09-22;2026-10-13;F-26;10.02;LOS TOLDOS ESTE;6;3;2;0;0;11;1;0;3;11;1;0;2;5;0;1;0;5;3;0;0;1;21;SINTETICO
195629;;S;S;A;C30715110268;C30546689979;2026-09-04;2026-09-23;DLS-166;9.09;LAJE;7;6;0;0;0;8;1;0;4;0;0;0;0;2;0;1;0;8;2;0;0;0;19;SINTETICO
195630;195631;E;N;A;C30685218190;C30546689979;2026-01-19;2026-02-06;SNB-01;170.61;LOMA LA LATA;1;1;0;0;0;12;5;0;0;0;0;0;1;2;0;0;0;4;0;0;0;0;18;SINTETICO
195632;195633;E;S;A;C30715340026;C30546689979;2026-05-19;2026-05-30;SADA (DLS-167);52.43;LOMA CAMPANA;4;3;0;0;0;7;4;0;1;0;0;0;1;2;0;0;0;2;2;0;0;0;11;SINTETICO
195634;;E;N;D;C33690244239;C30710346409;2026-02-18;2026-03-08;F-10;132.32;AGUADA PICHANA;5;7;0;0;0;16;7;0;0;0;0;0;0;0;0;0;0;10;0;0;0;0;18;SINTETICO
195635;;S;N;A;C30670239418;C30592665472;2025-09-21;2025-09-25;MARBAR-213;168.0;LOS TOLDOS;1;1;0;0;0;7;2;0;2;0;0;0;0;2;0;0;0;4;0;0;0;0;4;SINTETICO
195636;195637;S;N;D;C30715340026;C30546689979;2026-05-13;2026-05-20;SADA DLS-166;9.07;LAJE;6;5;0;0;0;4;0;0;0;0;0;0;0;1;0;0;0;0;0;0;0;0;7;SINTETICO
195638;195639;S;S;A;C30715110268;C30546689979;2026-01-15;2026-02-02;DLS-169;23.49;LA AMARGA CHICA;4;4;0;0;0;18;6;0;7;6;0;0;2;4;0;1;1;10;2;0;0;2;18;SINTETICO
195640;195641;S;N;D;C33690244239;C33515950899;2025-10-05;2025-11-07;F-24;21.7;BAJO DEL PALO ESTE;4;4;0;0;0;10;2;0;0;0;0;0;0;0;0;0;0;9;0;0;0;0;33;SINTETICO
195642;195643;S;N;A;C30670239418;C30546689979;2026-12-12;2026-12-18;MARBAR DLS-166;9.42;LAJE;5;6;0;0;0;6;2;0;2;0;0;0;0;1;0;0;0;0;0;0;0;0;6;SINTETICO
195644;195645;S;N;A;;;2025-08-28;2025-10-09;PLUS-03;17.49;LA CALERA;11;21;0;0;0;3;1;0;1;1;0;0;0;0;0;0;0;5;0;0;0;0;42;SINTETICO
195646;195647;E;N;D;C30670239418;C30546689979;2025-10-11;2025-10-20;MARBAR-229;225.9;LAJE;1;1;0;0;0;7;2;0;2;0;0;0;1;2;0;0;0;3;0;0;0;0;9;SINTETICO
195648;195649;E;N;D;C33690244239;C30592665472;2026-03-03;2026-04-11;NB-991;125.01;PUESTO PARADA;1;1;0;0;0;23;4;0;2;3;1;0;1;6;0;0;0;18;3;0;0;0;39;SINTETICO
195650;195651;S;N;A;C30697295883;C30526552659;2026-01-06;2026-01-21;HP-211;5.82;RINCON DE ARANDA;;;0;0;0;9;2;0;1;0;0;0;0;0;0;0;0;7;0;0;0;0;15;SINTETICO
195652;195653;S;S;;C33690244239;C30546689979;2026-07-12;2026-08-21;F-07;23.49;LAS CAVERNAS;4;;2;0;0;17;4;0;3;16;1;0;3;4;0;1;0;12;2;0;0;4;40;SINTETICO
195654;195655;S;N;D;C33690244239;C33515950899;2025-11-28;2025-12-31;F-24;23.33;BAJO DEL PALO ESTE;3;5;0;0;0;9;2;0;0;0;0;0;0;0;0;0;0;7;0;0;0;0;33;SINTETICO
195656;195657;E;S;D;;C30546689979;2026-09-12;2026-11-06;NABORS- M1211;35.21;LOMA CAMPANA;2;;0;0;0;17;6;0;3;5;1;0;1;5;0;0;0;10;2;0;0;0;55;SINTETICO
195658;;S;N;D;;;2025-08-05;2025-08-23;ENG-768;5.59;Rincon de Aranda;5;4;0;0;0;10;1;0;1;0;0;0;0;0;0;0;1;7;0;0;0;0;18;SINTETICO
195659;195660;S;N;D;C33690244239;C33515950899;2025-07-27;2025-08-28;F-24;23.23;BAJO DEL PALO ESTE;4;3;0;0;0;9;2;0;0;0;0;0;0;0;0;0;0;7;0;0;0;0;32;SINTETICO
195661;;S;N;D;C30670239418;C30546689979;2027-02-22;2027-03-07;HP-213;32.46;LESC;3;;0;0;0;4;1;0;0;0;0;0;0;0;0;0;0;2;0;0;0;0;13;SINTETICO
195662;195663;E;N;D;C30692298426;C30526552659;2026-02-18;2026-04-02;ENG-768;120.13;SiERRA CHATA;1;1;4;0;0;17;3;0;2;9;1;0;9;4;2;0;0;15;2;0;0;2;43;SINTETICO
195664;195665;E;S;A;C33690244239;C30546689979;2026-05-04;2026-05-15;F-03;58.79;LAS CAVERNAS;4;3;0;0;0;14;4;0;4;8;1;0;0;5;0;1;0;12;2;0;0;4;11;SINTETICO
195666;;E;S;D;C33690244239;C30546689979;2025-09-27;2025-10-18;F-35;53.76;LAJE;2;2;0;0;0;19;7;0;0;0;0;0;1;0;0;0;0;14;0;0;0;0;21;SINTETICO
195667;195668;E;N;D;C30715340026;C30546689979;2025-09-29;2025-10-03;SADA-167;135.4;LOMA CAMPANA;1;1;;;;;;;;;;;;;;;;;;;;;4;SINTETICO
195669;195670;F;S;;C30503610988;C30546689979;2026-10-27;2026-11-03;SET-04;6.94;BASE ;5;;0;0;0;5;3;0;0;0;0;0;0;0;0;0;0;0;0;0;0;0;7;SINTETICO
195671;;S;N;A;C30697295883;C30710346409;2025-06-23;2025-07-14;HP-230;21.81;MATA MORA;4;3;0;0;0;16;4;0;1;0;0;0;0;0;0;0;1;10;0;0;0;0;21;SINTETICO
195672;;S;N;D;C30715340026;C30546689979;2026-03-29;2026-04-06;SADA-168;13.39;LAS CAVERNAS;3;3;0;0;0;6;1;0;0;0;0;0;0;0;0;0;0;6;0;0;0;0;8;SINTETICO
195673;;S;N;A;C30670239418;C30592665472;2026-01-06;2026-01-10;MARBAR-213;180.89;LOS TOLDOS;1;1;0;0;0;9;1;0;1;0;0;0;0;2;0;0;0;4;0;0;0;0;4;SINTETICO
195674;195675;E;N;D;C33690244239;C30592665472;2026-04-19;2026-05-17;F-36;55.25;FORTIN DE PIEDRA;5;4;0;0;0;11;3;0;2;9;1;0;2;5;0;1;0;2;2;0;0;1;28;SINTETICO
195676;;E;S;A;C33690244239;C30546689979;2026-06-22;2026-07-03;F-03;44.22;LAS CAVERNAS;4;4;0;0;0;13;4;0;3;6;1;0;0;5;0;1;0;8;2;0;0;4;11;SINTETICO
195677;195678;S;S;;C33690244239;C30546689979;2026-02-21;2026-03-30;F-07;18.78;LAS CAVERNAS;3;;2;0;0;16;3;0;3;17;1;0;3;6;0;1;0;11;2;0;0;5;37;SINTETICO
195679;195680;E;N;D;C33616008639;C30569719344;2026-04-07;2026-04-21;NOV-F-10;79.63;LOMA JARILLOSA;1;1;0;0;0;3;2;0;1;0;0;0;0;2;0;0;0;1;1;0;0;0;14;SINTETICO
195681;195682;E;S;D;C33690244239;C30546689979;2025-04-19;2025-05-14;F-35;54.26;LAJE;2;2;0;0;0;16;4;0;0;0;0;0;1;0;0;0;0;9;0;0;0;0;25;SINTETICO
195683;195684;E;N;A;C33690244239;C30569719344;2026-03-21;2026-04-30;F-10;95.12;LOMA JARILLOSA;1;1;3;0;0;17;5;0;2;8;1;0;4;5;0;0;0;15;2;0;0;2;40;SINTETICO
195685;195686;S;S;A;C30715110268;C30546689979;2026-05-11;2026-05-30;DLS-166;9.02;LAJE;5;6;0;0;0;11;1;0;5;0;0;0;0;2;0;1;0;8;2;0;0;0;19;SINTETICO
195687;195688;S;N;D;C30670239418;C30592665472;2026-11-28;2026-12-03;MARBAR F-36;0.88;FORTIN DE PIEDRA;4;3;0;0;0;2;0;0;1;0;0;0;0;1;0;0;0;1;1;0;0;0;5;SINTETICO
195689;195690;S;S;A;C33690244239;C30546689979;2025-10-01;2025-10-29;F-07;35.64;LAS CAVERNAS;3;3;4;0;0;14;3;0;3;10;2;0;5;5;0;1;0;7;2;0;0;2;28;SINTETICO
195691;;S;N;A;C30553613147;C30678224010;2025-10-06;2025-12-03;PLUS-02;30.87;LA CALERA;2;1;0;0;0;8;2;0;4;6;0;2;2;3;0;1;1;7;1;0;0;3;58;SINTETICO
195692;;E;N;D;C30715340026;C30546689979;2025-11-19;2025-11-24;SADA-166;87.4;PARQUE INDUSTRIAL NEUQUEN;;;0;0;0;7;2;0;0;0;0;0;0;0;0;0;0;4;0;0;0;0;5;SINTETICO
195693;195694;S;N;D;C33690244239;C33515950899;2026-02-07;2026-03-28;F-24;31.47;BAJADA DEL PALO ESTE;4;3;1;0;0;11;1;0;3;5;1;0;3;6;0;0;0;9;3;0;0;2;49;SINTETICO
195695;195696;S;N;D;C30670239418;C30546689979;2026-09-09;2026-09-21;HP-213;36.14;LESC;2;;0;0;0;5;1;0;0;0;0;0;0;0;0;0;0;2;0;0;0;0;12;SINTETICO
195697;195698;S;N;D;C33690244239;C33515950899;2026-03-10;2026-04-24;F-24;26.19;BAJADA DEL PALO ESTE;4;3;1;0;0;10;1;0;3;8;1;0;3;8;0;0;0;8;2;0;0;2;45;SINTETICO
195699;195700;E;N;A;C30715110268;;2025-09-07;2025-09-17;DLS-165;0.11;COIRON AMARGO SUR ESTE;0;0;0;0;0;1;0;0;2;5;0;0;3;1;1;0;1;0;1;0;0;0;10;SINTETICO
195701;195702;S;N;D;C30685218190;C30546689979;2026-03-11;2026-03-16;SNB-01;24.25;LOMA CAMPANA;;;0;0;0;8;3;0;0;0;0;0;0;0;0;0;0;5;0;0;0;0;5;SINTETICO
195703;;E;S;D;C30715110268;C30546689979;2026-04-02;2026-05-04;DLS-163;366.65;AGUAS NEGRAS;1;1;0;0;0;16;2;0;1;0;0;0;0;1;0;0;0;6;0;0;0;0;32;SINTETICO
195704;;S;N;A;C30553613147;C30678224010;2026-07-24;2026-09-23;PLUS-02;29.94;LA CALERA;2;1;0;0;0;11;2;0;5;3;0;2;2;1;0;1;1;7;1;0;0;3;61;SINTETICO
195705;195706;E;N;D;C30715110268;C30695542476;2026-03-31;2026-04-26;DLS-170;53.57;AÑELO;2;4;0;0;0;16;5;0;0;0;0;0;0;1;0;0;0;9;0;0;0;0;26;SINTETICO
195707;195708;E;S;A;C33690244239;C30546689979;2025-06-26;2025-07-24;F-07;31.48;LA CAVERNA;4;3;0;0;0;13;3;0;1;0;0;0;0;0;0;0;0;12;0;0;0;0;28;SINTETICO
195709;195710;E;N;D;C30670239418;C30592665472;2026-06-28;2026-07-08;MARBAR 213;2.19;LOS TOLDOS;6;4;0;0;0;3;3;0;1;0;0;0;0;2;0;0;0;1;0;0;0;0;10;SINTETICO
195711;195712;S;S;A;C30715110268;C30546689979;2025-10-27;2025-11-18;DLS-168;36.14;LAS CAVERNAS;3;3;0;0;0;14;3;0;1;0;0;0;0;0;0;0;0;8;0;0;0;0;22;SINTETICO
195713;195714;E;N;A;C30685218190;C30546689979;2026-02-08;2026-03-03;SNB-01;143.41;LOMA LA LATA;1;1;0;0;0;8;4;0;0;0;0;0;1;2;0;0;0;4;0;0;0;0;23;SINTETICO
195715;195716;S;S;A;C30715110268;C30546689979;2026-07-12;2026-08-01;DLS-169;25.4;LA AMARGA CHICA;5;5;0;0;0;19;5;0;6;5;0;0;2;3;0;2;1;15;2;0;0;3;20;SINTETICO
195717;;E;N;D;C33690244239;C30678224010;2026-04-24;2026-05-09;PLUS-01;10.36;BAJO DEL CHOIQUE;3;3;2;0;0;9;2;0;2;6;0;0;3;2;0;0;0;9;1;0;0;1;15;SINTETICO
195718;195719;S;S;A;C30715110268;C30546689979;2026-03-18;2026-04-05;DLS-169;22.7;LA AMARGA CHICA;5;4;0;0;0;22;5;0;6;6;0;0;2;3;0;2;1;11;2;0;0;2;18;SINTETICO
195720;;S;S;A;C30715110268;C30546689979;2026-06-01;2026-06-22;DLS-163;1.46;RIO NEUQUEN;8;7;2;0;0;5;3;0;5;6;0;0;4;4;0;1;1;4;5;0;0;1;21;SINTETICO
195721;195722;E;N;A;C30715110268;;2025-10-12;2025-10-18;DLS-165;0.13;COIRON AMARGO SUR ESTE;0;0;0;0;0;1;0;0;2;4;0;0;4;1;1;0;1;0;1;0;0;0;6;SINTETICO
195723;;E;N;D;C30670239418;C30592665472;2026-07-22;2026-08-10;MARBAR F-36;15.46;FORTIN DE PIEDRA;4;3;0;0;0;3;1;0;1;0;0;0;1;1;0;0;0;2;3;0;0;0;19;SINTETICO
195724;;S;S;A;C30697295883;C30546689979;2026-03-02;2026-03-21;HP-229;12.72;ENTRE LAGOS;5;4;3;0;0;10;2;0;4;0;0;0;4;1;0;1;0;5;2;0;0;1;19;SINTETICO
195725;;S;N;A;C30697295883;C30526552659;2025-12-18;2026-01-11;HP-211;1.94;RINCON DE ARANDA;5;;0;0;0;6;2;0;4;6;0;0;4;2;0;1;0;2;2;0;0;1;24;SINTETICO
195726;195727;S;N;D;C30715340026;C30546689979;2026-07-20;2026-07-27;SADA-168;14.29;LAS CAVERNAS;4;4;0;0;0;6;1;0;0;0;0;0;0;0;0;0;0;4;0;0;0;0;7;SINTETICO
195728;195729;S;N;D;C30715340026;C30546689979;2026-03-16;2026-03-21;SADA DLS-166;9.74;LAJE;5;6;0;0;0;3;0;0;0;0;0;0;0;1;0;0;0;0;0;0;0;0;5;SINTETICO
195730;195731;E;N;A;C30685218190;C30546689979;2026-01-04;2026-01-21;SNB-01;143.6;LOMA LA LATA;1;1;0;0;0;14;4;0;0;0;0;0;1;2;0;0;0;4;0;0;0;0;17;SINTETICO
195732;195733;S;N;A;;;2026-03-28;2026-04-27;F-34;16.41;BAJADA DEL PALO OESTE;5;3;0;0;0;7;1;0;0;0;0;0;0;0;0;0;0;7;0;0;0;0;30;SINTETICO
195734;195735;S;N;A;;;2025-06-19;2025-07-19;F-34;17.74;BAJADA DEL PALO OESTE;4;4;0;0;0;7;1;0;0;0;0;0;0;0;0;0;0;6;0;0;0;0;30;SINTETICO
195736;195737;S;S;A;C30715110268;C30546689979;2025-07-15;2025-08-07;DLS-168;30.74;LAS CAVERNAS;4;2;0;0;0;13;3;0;1;0;0;0;0;0;0;0;0;8;0;0;0;0;23;SINTETICO
195738;195739;E;N;D;C33690244239;C30678224010;2026-06-06;2026-06-24;PLUS-01;11.17;BAJO DEL CHOIQUE;2;4;2;0;0;13;2;0;2;8;0;0;3;2;0;0;0;10;1;0;0;1;18;SINTETICO
195740;195741;S;N;A;;;2026-03-05;2026-03-27;sai-652;6.62;BAJO DEL CHOIQUE;4;7;0;0;0;6;1;0;1;0;0;0;0;0;0;0;0;6;0;0;0;0;22;SINTETICO
195742;;S;N;A;C33690244239;C30678224010;2026-05-24;2026-06-16;PLUS-01;10.55;BAJO DEL CHOIQUE;5;5;2;0;0;8;3;0;2;9;0;0;2;3;1;1;1;9;3;0;0;1;23;SINTETICO
195743;195744;S;N;A;C30553613147;C30678224010;2026-08-05;2026-10-02;PLUS-02;28.32;LA CALERA;2;1;0;0;0;12;2;0;3;7;0;2;2;2;0;1;1;7;1;0;0;4;58;SINTETICO
195745;;E;N;D;C30685218190;C30546689979;2025-12-30;2026-01-05;SNB-01;169.8;LOMA LA LATA;1;1;0;0;0;11;2;0;0;0;0;0;0;0;0;0;0;7;0;0;0;0;6;SINTETICO
195746;195747;E;N;D;C30553613147;C30678224010;2025-08-09;2025-08-16;SAI-652;17.33;BAJO DEL CHOIQUE;1;1;0;0;0;5;0;0;2;0;0;0;0;0;0;0;0;5;1;0;0;0;7;SINTETICO
195748;195749;F;S;;C30503610988;C30546689979;2026-09-15;2026-09-26;SET-02;17.25;LAA;6;;0;0;1;17;4;0;0;0;0;0;0;0;0;0;0;7;0;0;0;0;11;SINTETICO
195750;;S;N;A;;;2025-05-28;2025-06-24;F-34;16.16;BAJADA DEL PALO OESTE;4;4;0;0;0;6;1;0;0;0;0;0;0;0;0;0;0;5;0;0;0;0;27;SINTETICO
195751;;E;N;D;C30670239418;C30546689979;2025-09-15;2025-09-20;MARBAR - D.BAYO;357.58;BASE NEUQUEN;6;0;0;0;0;6;3;0;2;0;0;0;0;2;0;0;0;3;0;0;0;0;5;SINTETICO
195752;;E;N;D;C30670239418;C30592665472;2026-03-11;2026-03-30;MARBAR F-36;15.34;FORTIN DE PIEDRA;2;3;0;0;0;4;1;0;1;0;0;0;1;1;0;0;0;2;2;0;0;0;19;SINTETICO
195753;195754;E;N;D;C30715110268;C30546689979;2026-09-25;2026-10-30;DLS-175;1.21;ENTRE LAGOS;;;0;0;0;37;4;1;0;0;0;0;0;0;0;0;0;10;0;0;0;0;35;SINTETICO
195755;195756;S;S;A;C30715110268;C30546689979;2026-10-10;2026-10-29;DLS-166;9.45;LAJE;7;4;0;0;0;1;0;0;2;4;0;0;0;2;0;0;0;0;1;0;0;2;19;SINTETICO
195757;195758;S;N;A;;;2025-09-17;2025-10-06;sai-652;8.01;BAJO DEL CHOIQUE;9;6;0;0;0;8;1;0;1;0;0;0;0;0;0;0;0;6;0;0;0;0;19;SINTETICO
195759;195760;S;S;A;C30697295883;C30546689979;2026-11-10;2026-11-29;HP-229;14.95;ENTRE LAGOS;5;4;3;0;0;6;2;0;3;0;0;0;5;2;0;1;0;5;2;0;0;1;19;SINTETICO
195761;195762;S;N;D;C30670239418;C30592665472;2025-11-04;2025-11-14;MARBAR F-15;9.27;LOS TOLDOS ESTE;5;5;0;0;0;2;0;0;2;0;0;0;0;1;0;0;0;0;1;0;0;0;10;SINTETICO
195763;195764;E;N;D;C30715110268;C30695542476;2025-08-25;2025-09-19;DLS-170;54.16;AÑELO;2;3;0;0;0;15;5;0;0;0;0;0;0;1;0;0;0;8;0;0;0;0;25;SINTETICO
195765;195766;S;S;A;C30715110268;C30546689979;2026-03-09;2026-03-27;DLS-166;8.99;LAJE;5;5;0;0;0;10;1;0;4;0;0;0;0;1;0;1;0;9;2;0;0;0;18;SINTETICO
195767;195768;S;N;D;C30715110268;C30695542476;2026-09-23;2026-10-11;DLS-165;153.91;APO;0;0;2;0;0;19;2;0;2;8;1;0;13;2;0;0;1;12;4;0;0;10;18;SINTETICO
195769;195770;S;N;A;C30670239418;C30592665472;2025-12-14;2025-12-17;MARBAR-213;192.66;LOS TOLDOS;1;1;0;0;0;7;2;0;2;0;0;0;0;2;0;0;0;4;0;0;0;0;3;SINTETICO
195771;195772;S;N;D;C33690244239;C30592665472;2025-12-27;2026-01-19;F-36;26.34;FORTIN DE PIEDRA;4;4;0;0;0;15;1;0;1;0;0;0;0;0;0;0;0;14;0;0;0;0;23;SINTETICO
195773;195774;S;N;D;C30715110268;C30695542476;2026-05-05;2026-05-21;DLS-165;155.8;APO;0;0;2;0;0;19;2;0;2;10;1;0;11;2;0;0;1;11;2;0;0;12;16;SINTETICO
195775;195776;F;S;;C30503610988;C30546689979;2026-08-27;2026-09-08;SET-02;15.57;LAA;6;;0;0;1;19;4;0;0;0;0;0;0;0;0;0;0;6;0;0;0;0;12;SINTETICO
195777;;E;S;D;C33690244239;C30546689979;2025-11-06;2025-11-30;F-35;46.38;LAJE;2;2;0;0;0;15;4;0;0;0;0;0;1;0;0;0;0;11;0;0;0;0;24;SINTETICO
195778;195779;S;N;D;C33690244239;C33515950899;2026-03-08;2026-04-18;F-24;28.92;BAJADA DEL PALO ESTE;4;5;1;0;0;9;1;0;2;6;1;0;3;6;0;0;0;7;2;0;0;2;41;SINTETICO
195780;195781;S;N;D;;;2026-02-12;2026-03-02;ENG-768;4.16;Rincon de Aranda;6;4;0;0;0;8;1;0;1;0;0;0;0;0;0;0;1;7;0;0;0;0;18;SINTETICO
195782;195783;S;S;A;C30697295883;C30546689979;2026-06-13;2026-07-02;HP-229;14.01;ENTRE LAGOS;5;4;2;0;0;9;2;0;4;0;0;0;3;2;0;1;0;4;2;0;0;1;19;SINTETICO
195784;195785;E;N;D;C33616008639;C30569719344;2026-08-08;2026-08-17;NOV-F-10;77.55;LOMA JARILLOSA;1;1;0;0;0;3;2;0;1;0;0;0;0;3;0;0;0;1;1;0;0;0;9;SINTETICO
195786;;E;N;D;C30670239418;C30592665472;2026-01-10;2026-01-18;MARBAR 213;2.54;LOS TOLDOS;6;4;0;0;0;2;3;0;1;0;0;0;0;2;0;0;0;1;0;0;0;0;8;SINTETICO
195787;;S;N;A;C30697295883;C30710346409;2025-06-27;2025-07-20;HP-230;20.78;MATA MORA;4;4;0;0;0;17;4;0;1;0;0;0;0;0;0;0;1;13;0;0;0;0;23;SINTETICO
195788;195789;E;N;D;C33690244239;C30710346409;2025-08-20;2025-09-09;F-10;104.37;AGUADA PICHANA;7;9;0;0;0;15;5;0;0;0;0;0;0;0;0;0;0;11;0;0;0;0;20;SINTETICO
195790;195791;S;N;D;C30715340026;C30546689979;2026-07-09;2026-07-16;SADA DLS-166;8.79;LAJE;4;4;0;0;0;2;0;0;0;0;0;0;0;1;0;0;0;0;0;0;0;0;7;SINTETICO
195792;195793;S;N;A;C30670239418;C30546689979;2026-12-08;2026-12-15;MARBAR DLS-166;9.69;LAJE;5;5;0;0;0;5;2;0;3;0;0;0;0;1;0;0;0;0;0;0;0;0;7;SINTETICO
195794;195795;E;N;A;C30715110268;;2026-02-02;2026-02-09;DLS-165;0.12;COIRON AMARGO SUR ESTE;0;0;0;0;0;1;0;0;2;3;0;0;4;1;1;0;1;0;1;0;0;0;7;SINTETICO
195796;195797;E;N;D;;;2025-06-25;2025-07-09;SAI-652;106.52;AÑELO;2;1;0;0;0;0;0;0;0;0;0;0;0;0;0;0;0;0;0;0;0;0;14;SINTETICO
195798;;S;N;D;C30692298426;C30695570933;2026-02-03;2026-03-01;ENG-771;19.02;CRUZ DE LORENA ;5;5;3;0;0;9;2;0;2;0;1;0;6;5;1;0;1;7;2;0;0;0;26;SINTETICO
195799;;E;N;D;C30670239418;C30546689979;2025-12-04;2025-12-10;MARBAR-229;253.74;LAJE;1;1;0;0;0;7;3;0;2;0;0;0;1;2;0;0;0;4;0;0;0;0;6;SINTETICO
195800;;S;N;A;C30697295883;C30710346409;2025-07-19;2025-08-12;HP-230;18.2;MATA MORA;3;5;0;0;0;21;4;0;1;0;0;0;0;0;0;0;1;7;0;0;0;0;24;SINTETICO
195801;;E;N;D;;;2025-12-19;2026-01-14;PAE-01;129.1;COIRON AMARGO SUR ESTE;1;1;0;0;0;18;3;0;0;0;0;0;0;0;0;0;0;13;0;0;0;0;26;SINTETICO
195802;;E;N;D;C30715340026;C30546689979;2025-08-26;2025-09-03;SADA-167;118.12;LC;5;0;0;0;0;5;5;0;0;0;0;0;0;1;0;0;0;2;1;0;0;0;8;SINTETICO
195803;195804;S;N;A;C30670239418;C30592665472;2026-01-03;2026-01-07;MARBAR-213;166.82;LOS TOLDOS;1;1;0;0;0;7;2;0;2;0;0;0;0;2;0;0;0;4;0;0;0;0;4;SINTETICO
195805;;S;N;D;C30670239418;C30546689979;2026-06-27;2026-07-11;HP-213;33.52;LESC;2;;0;0;0;6;1;0;0;0;0;0;0;0;0;0;0;2;0;0;0;0;14;SINTETICO
195806;;E;N;A;C30685218190;C30546689979;2026-03-24;2026-04-18;SNB-01;141.13;LOMA LA LATA;1;1;0;0;0;13;6;0;0;0;0;0;1;2;0;0;0;5;0;0;0;0;25;SINTETICO
195807;195808;S;N;A;C30697295883;C30526552659;2026-07-11;2026-07-26;HP-211;5.59;RINCON DE ARANDA;;;0;0;0;9;3;0;1;0;0;0;0;0;0;0;0;8;0;0;0;0;15;SINTETICO
195809;;S;N;D;C30715340026;C30546689979;2026-06-01;2026-06-08;SADA DLS-166;9.08;LAJE;6;5;0;0;0;3;0;0;0;0;0;0;0;1;0;0;0;0;0;0;0;0;7;SINTETICO
195810;195811;E;N;A;C33690244239;C30569719344;2025-11-10;2025-12-29;F-10;87.33;LOMA JARILLOSA;1;1;3;0;0;20;7;0;2;9;1;0;4;5;0;0;0;20;3;0;0;2;49;SINTETICO
195812;;E;N;D;;;2025-07-03;2025-07-28;HP-210;162.99;Rincon de Aranda;1;1;0;0;0;19;7;0;0;0;0;0;0;0;0;0;1;10;0;0;0;0;25;SINTETICO
195813;;E;N;D;C30553613147;C30678224010;2025-08-25;2025-08-30;SAI-652;16.78;BAJO DEL CHOIQUE;2;1;0;0;0;6;0;0;2;0;0;0;0;0;0;0;0;6;1;0;0;0;5;SINTETICO
195814;195815;E;N;A;C33690244239;C30569719344;2025-10-05;2025-11-17;F-10;94.95;LOMA JARILLOSA;1;1;4;0;0;15;4;0;2;8;1;0;4;4;0;0;0;19;3;0;0;2;43;SINTETICO
195816;195817;S;N;A;C30553613147;C30678224010;2025-10-17;2025-12-28;PLUS-02;29.1;LA CALERA;2;1;0;0;0;9;1;0;4;6;0;2;3;2;0;1;1;7;1;0;0;4;72;SINTETICO
195818;195819;E;N;D;C30715110268;C30695542476;2025-07-10;2025-08-03;DLS-170;56.06;AÑELO;3;3;0;0;0;15;5;0;0;0;0;0;0;1;0;0;0;13;0;0;0;0;24;SINTETICO
195820;;E;N;D;C33690244239;C30710346409;2025-10-13;2025-11-03;F-10;127.31;AGUADA PICHANA;6;9;0;0;0;17;7;0;0;0;0;0;0;0;0;0;0;14;0;0;0;0;21;SINTETICO
195821;195822;E;N;D;C30670239418;C30592665472;2026-03-25;2026-04-11;MARBAR F-36;16.01;FORTIN DE PIEDRA;3;2;0;0;0;4;1;0;1;0;0;0;1;1;0;0;0;3;2;0;0;0;17;SINTETICO
195823;;S;S;A;C30715110268;C30546689979;2026-02-01;2026-02-26;DLS-163;1.53;RIO NEUQUEN;7;6;2;0;0;5;3;0;6;5;0;0;3;4;0;1;1;3;5;0;0;1;25;SINTETICO
195824;;F;S;D;C30503610988;C30546689979;2025-12-14;2025-12-23;HASA-01;9.4;LOMA CAMPANA;;;0;0;0;12;4;0;0;0;0;0;0;0;0;0;0;4;0;0;0;0;9;SINTETICO
195825;195826;E;N;D;C30715340026;C30546689979;2025-10-27;2025-10-31;SADA-166;108.27;PARQUE INDUSTRIAL NEUQUEN;;;0;0;0;8;2;0;0;0;0;0;0;0;0;0;0;5;0;0;0;0;4;SINTETICO
195827;;E;N;D;C30692298426;C30526552659;2026-09-26;2026-11-10;ENG-768;108.72;SiERRA CHATA;1;1;3;0;0;21;3;0;1;7;1;0;8;4;2;0;0;16;1;0;0;2;45;SINTETICO
195828;195829;S;S;A;C30715110268;C30546689979;2025-06-25;2025-07-20;DLS-168;27.34;LAS CAVERNAS;3;3;0;0;0;12;3;0;1;0;0;0;0;0;0;0;0;9;0;0;0;0;25;SINTETICO
195830;195831;S;N;A;C30670239418;C30546689979;2026-05-15;2026-05-22;MARBAR DLS-166;7.86;LAJE;6;6;0;0;0;5;2;0;2;0;0;0;0;1;0;0;0;0;0;0;0;0;7;SINTETICO
195832;195833;S;S;A;C30715110268;C30546689979;2026-09-12;2026-10-05;DLS-163;1.46;RIO NEUQUEN;7;5;2;0;0;6;3;0;8;5;0;0;5;4;0;1;1;5;4;0;0;1;23;SINTETICO
195834;195835;E;S;D;;C30546689979;2026-09-18;2026-11-27;NABORS- M1211;37.17;LOMA CAMPANA;2;;0;0;0;17;7;0;4;5;1;0;1;5;0;0;0;12;2;0;0;0;70;SINTETICO
195836;;E;N;D;C30685218190;C30546689979;2026-05-04;2026-05-10;SNB-01;145.82;LOMA LA LATA;1;1;0;0;0;14;3;0;0;0;0;0;0;0;0;0;0;9;0;0;0;0;6;SINTETICO
195837;195838;S;N;D;C30715340026;C30546689979;2026-05-03;2026-05-11;SADA-168;15.1;LAS CAVERNAS;3;4;0;0;0;7;1;0;0;0;0;0;0;0;0;0;0;5;0;0;0;0;8;SINTETICO
195839;195840;E;N;D;C33718575759;C30718030478;2025-10-21;2025-11-09;PRC-01;347.67;LOMA DE LA MINA;1;1;0;0;0;15;2;0;0;0;0;0;0;0;0;0;0;9;0;0;0;0;19;SINTETICO
195841;195842;S;N;A;C30697295883;C30526552659;2026-03-24;2026-04-09;HP-211;6.03;RINCON DE ARANDA;;;0;0;0;10;3;0;1;0;0;0;0;0;0;0;0;8;0;0;0;0;16;SINTETICO
195843;195844;E;S;D;;C30546689979;2026-07-08;2026-09-01;NABORS- M1211;39.22;LOMA CAMPANA;2;;0;0;0;18;5;0;3;5;1;0;1;4;0;0;0;11;2;0;0;0;55;SINTETICO
195845;;S;N;D;C30715340026;C30546689979;2026-08-15;2026-08-23;SADA DLS-166;8.8;LAJE;4;5;0;0;0;3;0;0;0;0;0;0;0;1;0;0;0;0;0;0;0;0;8;SINTETICO
195846;;S;N;D;;;2025-11-10;2025-11-29;ENG-768;5.99;Rincon de Aranda;4;4;0;0;0;8;1;0;1;0;0;0;0;0;0;0;1;6;0;0;0;0;19;SINTETICO
195847;195848;E;N;D;C33616008639;C30569719344;2026-01-31;2026-02-11;NOV-F-10;90.05;LOMA JARILLOSA;1;1;0;0;0;3;2;0;1;0;0;0;0;2;0;0;0;1;1;0;0;0;11;SINTETICO
195849;195850;E;N;D;C30670239418;C30546689979;2026-05-26;2026-06-01;MARBAR-229;264.62;LAJE;1;1;0;0;0;7;2;0;2;0;0;0;1;1;0;0;0;3;0;0;0;0;6;SINTETICO
195851;195852;E;S;D;;;2026-03-05;2026-04-03;HP-229;226.81;LAJE;1;1;3;0;0;31;10;0;2;7;0;0;11;4;1;0;1;17;3;1;0;2;29;SINTETICO
195853;195854;S;N;D;C30670239418;C30546689979;2027-01-19;2027-02-02;HP-213;30.43;LESC;2;;0;0;0;7;1;0;0;0;0;0;0;0;0;0;0;2;0;0;0;0;14;SINTETICO
195855;;S;N;D;C33690244239;C30642555274;2026-10-30;2026-12-07;F-10;80.4;AGUADA PICHANA ;2;2;1;0;0;19;3;0;2;6;1;0;6;3;0;1;1;17;2;0;0;0;38;SINTETICO
195856;195857;E;N;D;C30715340026;C30546689979;2025-10-18;2025-10-26;SADA-167;126.35;LC;6;0;0;0;0;7;5;0;0;0;0;0;0;1;0;0;0;2;1;0;0;0;8;SINTETICO
195858;195859;S;S;A;C33690244239;C30546689979;2026-04-08;2026-05-05;F-07;35.01;LAS CAVERNAS;4;3;4;0;0;14;4;0;3;9;2;0;5;4;0;1;0;6;2;0;0;2;27;SINTETICO
195860;195861;S;N;D;C30692298426;C30695570933;2026-03-19;2026-04-10;ENG-771;18.81;CRUZ DE LORENA ;5;6;4;0;0;11;2;0;4;0;1;0;7;5;1;0;1;7;2;0;0;0;22;SINTETICO
195862;195863;S;S;A;C30715110268;C30546689979;2026-01-15;2026-02-03;DLS-169;27.35;LA AMARGA CHICA;4;4;0;0;0;24;5;0;4;5;0;0;3;3;0;1;1;12;2;0;0;2;19;SINTETICO
195864;195865;S;N;A;C33690244239;C33515950899;2026-04-28;2026-05-16;F-19;13.65;BAJADA DEL PALO ESTE;8;8;2;0;0;14;3;0;2;11;1;0;3;5;0;1;1;8;2;0;0;2;18;SINTETICO
195866;195867;E;N;A;C33690244239;C30569719344;2026-03-19;2026-04-21;F-10;89.44;LOMA JARILLOSA;1;1;2;0;0;21;5;0;1;10;1;0;5;5;0;0;0;18;4;0;0;3;33;SINTETICO
195868;195869;S;N;D;C33690244239;C33515950899;2026-08-27;2026-10-14;F-24;30.48;BAJADA DEL PALO ESTE;3;4;1;0;0;10;1;0;3;6;1;0;3;5;0;0;0;10;2;0;0;2;48;SINTETICO
195870;;S;S;A;C30697295883;C30546689979;2026-08-26;2026-09-17;HP-229;15.1;ENTRE LAGOS;5;4;4;0;0;10;2;0;3;0;0;0;5;2;0;1;0;4;2;0;0;1;22;SINTETICO
195871;195872;E;N;D;C30715340026;C30546689979;2025-09-29;2025-10-04;SADA-166;108.31;PARQUE INDUSTRIAL NEUQUEN;;;0;0;0;10;2;0;0;0;0;0;0;0;0;0;0;4;0;0;0;0;5;SINTETICO
195873;195874;E;N;D;C30685218190;C30546689979;2026-01-30;2026-02-08;SNB-01;125.2;BAJO DEL TORO;1;1;0;0;0;10;8;0;0;0;0;0;1;2;0;0;0;5;0;0;0;0;9;SINTETICO
195875;195876;E;N;D;C33690244239;C30710346409;2025-11-04;2025-11-22;F-10;132.15;AGUADA PICHANA;7;7;0;0;0;13;7;0;0;0;0;0;0;0;0;0;0;11;0;0;0;0;18;SINTETICO
195877;195878;S;N;A;C30553613147;C30678224010;2025-10-31;2025-11-22;SAI-652;5.98;BAJO DEL CHOIQUE;1;1;0;0;0;6;1;0;1;0;0;0;0;0;0;1;0;11;0;0;0;0;22;SINTETICO
195879;195880;E;N;D;C30697295883;C30546689979;2026-07-24;2026-08-01;HP-219;205.61;LAJE;1;1;1;0;0;35;11;0;2;5;0;0;9;3;0;0;1;22;2;0;0;0;8;SINTETICO
195881;195882;S;N;D;C30670239418;C30592665472;2026-12-12;2026-12-18;MARBAR F-36;0.85;FORTIN DE PIEDRA;3;3;0;0;0;2;0;0;1;0;0;0;0;1;0;0;0;1;1;0;0;0;6;SINTETICO
195883;195884;E;S;D;C33690244239;C30546689979;2025-08-06;2025-08-26;F-35;51.53;LAJE;2;2;0;0;0;17;6;0;0;0;0;0;1;0;0;0;0;11;0;0;0;0;20;SINTETICO
195885;195886;E;N;D;C30715110268;C30695542476;2025-11-17;2025-12-16;DLS-165;137.21;CASE;1;1;0;1;0;20;2;0;0;0;0;0;0;0;0;0;0;19;0;0;0;0;29;SINTETICO
195887;;S;S;A;C33690244239;C30546689979;2025-10-30;2025-11-25;F-07;35.63;LAS CAVERNAS;2;3;3;0;0;13;5;0;2;7;2;0;4;4;0;1;0;8;2;0;0;2;26;SINTETICO
195888;;E;N;D;C30670239418;C30592665472;2026-04-27;2026-05-12;MARBAR F-36;17.1;FORTIN DE PIEDRA;3;4;0;0;0;4;1;0;1;0;0;0;1;1;0;0;0;3;2;0;0;0;15;SINTETICO
195889;;E;N;D;;;2025-04-24;2025-05-16;PAE-01;132.68;COIRON AMARGO SUR ESTE;1;1;0;0;0;19;3;0;0;0;0;0;0;0;0;0;0;9;0;0;0;0;22;SINTETICO
195890;195891;S;S;D;C30697295883;C30546689979;2025-12-10;2025-12-23;HP-229;23.25;BAJO DEL TORO;4;4;0;0;0;10;1;0;0;0;0;0;0;0;0;0;0;11;0;0;0;0;13;SINTETICO
195892;;S;S;A;C30715110268;C30546689979;2025-12-12;2026-01-09;DLS-163;1.34;RIO NEUQUEN;7;8;2;0;0;5;3;0;8;6;0;0;3;4;0;1;1;5;5;0;0;1;28;SINTETICO
195893;195894;F;S;;C30503610988;C30546689979;2026-03-04;2026-03-10;SET-04;6.89;BASE ;5;;0;0;0;5;3;0;0;0;0;0;0;0;0;0;0;0;0;0;0;0;6;SINTETICO
195895;195896;E;N;A;C30685218190;C30546689979;2026-07-06;2026-07-29;SNB-01;173.43;LOMA LA LATA;1;1;0;0;0;13;4;0;0;0;0;0;1;2;0;0;0;4;0;0;0;0;23;SINTETICO
195897;;S;N;A;C30670239418;C30546689979;2026-10-22;2026-10-30;MARBAR DLS-166;10.26;LAJE;6;6;0;0;0;5;2;0;2;0;0;0;0;1;0;0;0;0;0;0;0;0;8;SINTETICO
195898;195899;S;N;A;C30697295883;C30526552659;2026-01-17;2026-02-01;HP-211;5.3;RINCON DE ARANDA;;;0;0;0;7;4;0;1;0;0;0;0;0;0;0;0;8;0;0;0;0;15;SINTETICO
195900;195901;F;S;;C30503610988;C30546689979;2026-03-16;2026-03-31;SET-05;5.04;LAJE;5;;;;;;;;;;;;;;;;;;;;;;15;SINTETICO
195902;;E;N;D;C33690244239;C30592665472;2026-04-26;2026-06-04;NB-991;130.18;PUESTO PARADA;1;1;0;0;0;26;4;0;2;4;1;0;1;7;0;0;0;19;3;0;0;0;39;SINTETICO
195903;;E;N;D;C30715110268;C30546689979;2026-06-09;2026-07-22;DLS-175;1.19;ENTRE LAGOS;;;0;0;0;24;5;1;0;0;0;0;0;0;0;0;0;10;0;0;0;0;43;SINTETICO
195904;195905;S;S;A;C30715110268;C30546689979;2025-07-23;2025-08-14;DLS-168;31.11;LAS CAVERNAS;3;2;0;0;0;13;3;0;1;0;0;0;0;0;0;0;0;6;0;0;0;0;22;SINTETICO
195906;;S;N;A;C30692298426;C30526552659;2025-08-14;2025-09-27;ENG-768;10.09;RINCON DE ARANDA;4;5;0;0;0;13;2;0;4;0;0;0;0;4;0;0;0;8;2;0;0;0;44;SINTETICO
195907;195908;S;N;A;C33690244239;C33515950899;2026-08-10;2026-08-28;F-19;12.39;BAJADA DEL PALO ESTE;8;9;2;0;0;12;5;0;3;11;1;0;3;5;0;1;1;9;2;0;0;2;18;SINTETICO
195909;195910;S;N;D;C33690244239;C30592665472;2026-03-09;2026-04-03;F-36;23.36;FORTIN DE PIEDRA;4;4;0;0;0;12;1;0;1;0;0;0;0;0;0;0;0;14;0;0;0;0;25;SINTETICO
195911;195912;S;N;A;C30692298426;C30526552659;2026-03-06;2026-04-13;ENG-768;10.04;RINCON DE ARANDA;4;5;0;0;0;10;2;0;2;0;0;0;0;4;0;0;0;6;1;0;0;0;38;SINTETICO
195913;;S;S;;C30553613147;C30629827060;2025-11-21;2025-12-11;SAI-651;4.92;AGUADA DEL CAJON;;;1;0;0;8;2;0;3;0;0;0;4;4;0;1;0;6;2;0;0;1;20;SINTETICO
195914;195915;E;N;A;C33690244239;C30569719344;2026-07-05;2026-08-16;F-10;80.38;LOMA JARILLOSA;1;1;3;0;0;16;6;0;2;8;1;0;4;4;0;0;0;21;3;0;0;2;42;SINTETICO
195916;;S;N;D;C33690244239;C30592665472;2025-06-20;2025-07-09;F-36;25.04;FORTIN DE PIEDRA;4;4;0;0;0;17;1;0;1;0;0;0;0;0;0;0;0;14;0;0;0;0;19;SINTETICO
195917;195918;S;N;A;C30697295883;C30526552659;2026-01-02;2026-01-27;HP-211;2.29;RINCON DE ARANDA;6;;0;0;0;6;2;0;3;5;0;0;4;2;0;1;0;3;2;0;0;1;25;SINTETICO
195919;;S;N;A;;;2025-06-22;2025-07-24;F-34;17.51;BAJADA DEL PALO OESTE;4;2;0;0;0;5;1;0;0;0;0;0;0;0;0;0;0;6;0;0;0;0;32;SINTETICO
195920;195921;S;S;;C30553613147;C30629827060;2026-06-17;2026-07-08;SAI-651;6.06;AGUADA DEL CAJON;;;1;0;0;8;2;0;4;0;0;0;4;3;0;1;0;5;2;0;0;1;21;SINTETICO
195922;195923;E;N;D;C30715340026;C30546689979;2026-05-15;2026-05-23;SADA-167;110.23;LC;6;0;0;0;0;7;6;0;0;0;0;0;0;1;0;0;0;2;1;0;0;0;8;SINTETICO
195924;195925;E;S;D;;;2025-09-22;2025-10-25;HP-229;204.92;LAJE;1;1;3;0;0;36;8;0;2;5;0;0;13;4;1;0;1;18;4;1;0;2;33;SINTETICO
195926;;S;S;A;C33690244239;C30546689979;2026-08-17;2026-08-29;N-990;13.41;LA AMARGA CHICA;5;6;0;0;0;10;2;0;3;1;1;0;3;5;0;0;0;10;2;1;0;0;12;SINTETICO
195927;195928;S;N;D;;;2025-09-20;2025-10-10;ENG-768;6.05;Rincon de Aranda;6;3;0;0;0;10;1;0;1;0;0;0;0;0;0;0;1;6;0;0;0;0;20;SINTETICO
195929;195930;E;N;A;C30697295883;C30523479241;2025-07-28;2025-08-08;HP-447;0.1;EL TRAPIAL;0;0;0;0;0;3;0;0;1;0;0;0;0;2;0;0;0;3;2;0;0;0;11;SINTETICO
195931;;S;N;D;C30670239418;C30592665472;2026-11-23;2026-11-27;MARBAR F-36;0.96;FORTIN DE PIEDRA;2;4;0;0;0;2;0;0;1;0;0;0;0;1;0;0;0;1;1;0;0;0;4;SINTETICO
195932;;S;S;A;C30715110268;C30546689979;2025-07-14;2025-07-25;DLS-166;6.34;LAJE;5;4;0;0;0;12;3;0;2;0;0;0;0;1;0;0;0;9;0;0;0;0;11;SINTETICO
195933;195934;E;S;D;;;2026-05-13;2026-06-11;HP-229;258.68;LAJE;1;1;3;0;0;29;9;0;2;7;0;0;16;5;1;0;1;20;3;1;0;2;29;SINTETICO
195935;195936;E;N;A;C30697295883;C30523479241;2026-03-30;2026-04-11;HP-447;0.1;EL TRAPIAL;0;0;0;0;0;3;0;0;1;0;0;0;0;2;0;0;0;3;2;0;0;0;12;SINTETICO
195937;195938;E;N;D;;;2025-08-26;2025-09-08;SAI-652;110.2;AÑELO;2;1;0;0;0;0;0;0;0;0;0;0;0;0;0;0;0;0;0;0;0;0;13;SINTETICO
195939;;E;N;D;C30670239418;C30546689979;2026-01-30;2026-02-03;MARBAR 166;6.61;LAJE;7;;0;0;0;4;2;0;0;0;0;0;0;0;0;0;0;3;0;0;0;0;4;SINTETICO
195940;195941;E;N;D;C33718575759;C30718030478;2025-10-20;2025-11-06;PRC-01;334.02;LOMA DE LA MINA;1;1;0;0;0;12;2;0;0;0;0;0;0;0;0;0;0;13;0;0;0;0;17;SINTETICO
195942;195943;S;N;A;;;2026-01-06;2026-01-29;sai-652;7.1;BAJO DEL CHOIQUE;5;8;0;0;0;7;1;0;1;0;0;0;0;0;0;0;0;7;0;0;0;0;23;SINTETICO
195944;;E;N;D;C30670239418;C30546689979;2026-09-13;2026-09-21;MARBAR-229;225.18;LAJE;1;1;0;0;0;6;2;0;2;0;0;0;1;2;0;0;0;4;0;0;0;0;8;SINTETICO
195945;;E;S;D;C30715110268;C30546689979;2026-04-09;2026-05-13;DLS-163;364.39;AGUAS NEGRAS;1;1;0;0;0;13;2;0;1;0;0;0;0;1;0;0;0;5;0;0;0;0;34;SINTETICO
195946;195947;S;N;D;C33690244239;C30592665472;2025-11-21;2025-12-14;F-36;25.49;FORTIN DE PIEDRA;4;4;0;0;0;12;1;0;1;0;0;0;0;0;0;0;0;12;0;0;0;0;23;SINTETICO
195948;195949;S;N;A;C30553613147;C30678224010;2025-04-05;2025-04-22;SAI-652;5.17;BAJO DEL CHOIQUE;1;1;0;0;0;6;1;0;1;0;0;0;0;0;0;1;0;9;0;0;0;0;17;SINTETICO
195950;195951;S;S;A;C33690244239;C30546689979;2026-04-06;2026-04-20;N-990;15.45;LA AMARGA CHICA;5;6;0;0;0;10;2;0;3;1;1;0;2;4;0;0;0;15;2;1;0;0;14;SINTETICO
195952;195953;E;N;D;C30670239418;C30592665472;2025-11-10;2025-11-19;MARBAR 213;2.61;LOS TOLDOS;6;5;0;0;0;2;3;0;1;0;0;0;0;2;0;0;0;1;0;0;0;0;9;SINTETICO
195954;195955;S;N;A;C33690244239;C30592665472;2026-07-20;2026-08-10;F-26;10.78;LOS TOLDOS ESTE;6;4;2;0;0;9;1;0;3;10;1;0;2;4;0;1;0;4;2;0;0;1;21;SINTETICO
195956;195957;E;N;D;;;2025-10-28;2025-11-10;SAI-652;83.75;AÑELO;2;1;0;0;0;0;0;0;0;0;0;0;0;0;0;0;0;0;0;0;0;0;13;SINTETICO
195958;;S;N;D;C33690244239;C33515950899;2025-05-22;2025-06-22;F-24;19.71;BAJO DEL PALO ESTE;5;4;0;0;0;9;2;0;0;0;0;0;0;0;0;0;0;8;0;0;0;0;31;SINTETICO
195959;195960;E;N;D;C30670239418;C30592665472;2025-09-10;2025-09-14;MARBAR F-36;24.31;FDP;4;0;0;0;0;8;3;0;0;0;0;0;0;0;0;0;0;3;0;0;0;0;4;SINTETICO
195961;195962;E;N;D;C30670239418;C30546689979;2025-12-22;2025-12-26;MARBAR 166;5.51;LAJE;7;;0;0;0;4;4;0;0;0;0;0;0;0;0;0;0;4;0;0;0;0;4;SINTETICO
195963;;E;N;A;C30697295883;C30523479241;2025-10-31;2025-11-09;HP-447;0.1;EL TRAPIAL;0;0;0;0;0;2;0;0;1;0;0;0;0;2;0;0;0;3;2;0;0;0;9;SINTETICO
195964;;S;N;A;C33690244239;C33515950899;2026-12-24;2027-01-08;F-19;13.12;BAJADA DEL PALO ESTE;7;10;2;0;0;14;4;0;3;12;1;0;3;4;0;1;1;8;2;0;0;2;15;SINTETICO
195965;;S;N;D;C30670239418;C30592665472;2026-09-08;2026-09-13;MARBAR F-36;0.89;FORTIN DE PIEDRA;3;4;0;0;0;2;0;0;1;0;0;0;0;1;0;0;0;1;1;0;0;0;5;SINTETICO
195966;195967;S;N;A;;;2025-06-09;2025-07-19;PLUS-03;16.74;LA CALERA;20;17;0;0;0;7;1;0;1;1;0;0;0;0;0;0;0;4;0;0;0;0;40;SINTETICO
195968;;F;S;D;C30503610988;C30546689979;2026-05-30;2026-06-09;HASA-01;9.35;LOMA CAMPANA;;;0;0;0;10;5;0;0;0;0;0;0;0;0;0;0;4;0;0;0;0;10;SINTETICO
195969;195970;S;N;A;C30697295883;C30526552659;2025-10-16;2025-10-27;HP-211;5.92;RINCON DE ARANDA;;;0;0;0;7;3;0;1;0;0;0;0;0;0;0;0;8;0;0;0;0;11;SINTETICO
195971;195972;E;N;D;C30715340026;C30546689979;2025-12-25;2025-12-29;SADA-167;122.3;LOMA CAMPANA;1;1;;;;;;;;;;;;;;;;;;;;;4;SINTETICO
195973;;S;S;D;C30715340026;C30546689979;2026-03-22;2026-03-31;SADA-167;29.48;LOMA CAMPANA;3;;;;;;;;;;;;;;;;;;;;;;9;SINTETICO
195974;195975;S;N;D;C30685218190;C30546689979;2026-04-01;2026-04-06;SNB-01;26.24;LOMA CAMPANA;;;0;0;0;9;3;0;0;0;0;0;0;0;0;0;0;5;0;0;0;0;5;SINTETICO
195976;195977;S;S;;C30553613147;C30629827060;2026-10-13;2026-11-05;SAI-651;5.91;AGUADA DEL CAJON;;;1;0;0;9;2;0;3;0;0;0;3;3;0;1;0;7;2;0;0;1;23;SINTETICO
195978;;E;N;D;C33718575759;C30718030478;2026-04-23;2026-05-10;PRC-01;323.76;LOMA DE LA MINA;1;1;0;0;0;11;2;0;0;0;0;0;0;0;0;0;0;13;0;0;0;0;17;SINTETICO
195979;;S;N;A;C33690244239;C30678224010;2026-01-26;2026-02-16;PLUS-01;11.25;BAJO DEL CHOIQUE;5;4;2;0;0;10;3;0;2;8;0;0;2;2;1;1;1;6;3;0;0;1;21;SINTETICO
195980;;S;N;D;;;2026-02-12;2026-03-03;ENG-768;4.85;Rincon de Aranda;5;4;0;0;0;11;1;0;1;0;0;0;0;0;0;0;1;7;0;0;0;0;19;SINTETICO
195981;195982;S;S;A;C30715110268;C30546689979;2026-07-01;2026-07-19;DLS-169;20.14;LA AMARGA CHICA;4;3;0;0;0;20;5;0;4;5;0;0;2;3;0;2;1;11;2;0;0;2;18;SINTETICO
195983;;S;N;D;C33690244239;C30592665472;2025-08-31;2025-09-21;F-36;22.05;FORTIN DE PIEDRA;4;4;0;0;0;14;1;0;1;0;0;0;0;0;0;0;0;12;0;0;0;0;21;SINTETICO
195984;;E;N;D;C30670239418;C30546689979;2025-05-17;2025-05-21;MARBAR 166;6.9;LAJE;7;;0;0;0;5;3;0;0;0;0;0;0;0;0;0;0;3;0;0;0;0;4;SINTETICO
195985;195986;S;N;A;;;2025-10-23;2025-11-26;PLUS-03;16.45;LA CALERA;18;17;0;0;0;8;1;0;1;1;0;0;0;0;0;0;0;4;0;0;0;0;34;SINTETICO
195987;;E;N;D;C33690244239;C30678224010;2026-07-22;2026-08-06;PLUS-01;11.73;BAJO DEL CHOIQUE;3;2;2;0;0;12;3;0;2;8;0;0;2;1;0;0;0;9;2;0;0;1;15;SINTETICO
195988;195989;S;S;;C33690244239;C30546689979;2026-08-16;2026-09-19;F-07;22.59;LAS CAVERNAS;4;;2;0;0;16;5;0;3;23;1;0;3;5;0;1;0;12;2;0;0;5;34;SINTETICO
195990;;E;N;D;C30670239418;C30592665472;2026-08-01;2026-08-19;MARBAR F-36;14.36;FORTIN DE PIEDRA;3;3;0;0;0;4;1;0;1;0;0;0;1;1;0;0;0;3;2;0;0;0;18;SINTETICO
195991;;S;N;D;C30670239418;C30546689979;2026-04-30;2026-05-12;HP-213;35.58;LESC;2;;0;0;0;4;1;0;0;0;0;0;0;0;0;0;0;3;0;0;0;0;12;SINTETICO
195992;195993;E;N;D;C30553613147;C30678224010;2026-03-07;2026-03-13;SAI-652;16.78;BAJO DEL CHOIQUE;2;1;0;0;0;7;0;0;2;0;0;0;0;0;0;0;0;4;1;0;0;0;6;SINTETICO
195994;195995;E;N;D;C30715110268;C30546689979;2026-05-09;2026-06-20;DLS-175;1.37;ENTRE LAGOS;;;0;0;0;24;6;1;0;0;0;0;0;0;0;0;0;8;0;0;0;0;42;SINTETICO
195996;195997;E;N;D;C30670239418;C30592665472;2025-11-20;2025-11-23;MARBAR F-36;26.1;FDP;4;0;0;0;0;5;3;0;0;0;0;0;0;0;0;0;0;4;0;0;0;0;3;SINTETICO
195998;;S;S;A;C33690244239;C30546689979;2026-03-28;2026-05-10;F-03;10.71;LAS CAVERNAS;10;9;5;0;0;13;2;0;3;8;1;0;1;4;0;1;0;13;2;0;0;1;43;SINTETICO
195999;;E;N;D;;;2025-05-03;2025-05-24;PAE-01;152.95;COIRON AMARGO SUR ESTE;1;1;0;0;0;16;3;0;0;0;0;0;0;0;0;0;0;14;0;0;0;0;21;SINTETICO
196000;196001;S;N;A;C30697295883;C30526552659;2026-09-05;2026-09-30;HP-211;2.09;RINCON DE ARANDA;5;;0;0;0;6;2;0;5;6;0;0;4;2;0;1;0;3;2;0;0;1;25;SINTETICO
196002;196003;S;N;D;C33690244239;C30642555274;2025-11-22;2025-12-28;F-10;73.34;AGUADA PICHANA ;2;2;1;0;0;15;3;0;2;8;1;0;7;4;0;1;1;18;2;0;0;0;36;SINTETICO
196004;;E;N;D;C30670239418;C30592665472;2026-03-14;2026-03-18;MARBAR F-36;25.7;FDP;4;0;0;0;0;7;3;0;0;0;0;0;0;0;0;0;0;4;0;0;0;0;4;SINTETICO
196005;196006;S;S;;C33690244239;C30546689979;2026-10-30;2026-11-30;F-07;21.95;LAS CAVERNAS;2;;2;0;0;12;5;0;3;15;1;0;3;4;0;1;0;11;2;0;0;4;31;SINTETICO
196007;;S;N;A;C30697295883;C30710346409;2025-07-31;2025-08-19;HP-230;21.15;MATA MORA;4;5;0;0;0;17;4;0;1;0;0;0;0;0;0;0;1;9;0;0;0;0;19;SINTETICO
196008;;S;S;A;C30715110268;C30546689979;2025-07-20;2025-08-01;DLS-166;6.29;LAJE;4;5;0;0;0;14;3;0;2;0;0;0;0;1;0;0;0;12;0;0;0;0;12;SINTETICO
196009;196010;S;N;D;C30715340026;C30546689979;2026-08-07;2026-08-14;SADA DLS-166;8.42;LAJE;5;6;0;0;0;4;0;0;0;0;0;0;0;1;0;0;0;0;0;0;0;0;7;SINTETICO
196011;;S;N;A;C33690244239;C30592665472;2026-01-20;2026-02-09;F-26;9.66;LOS TOLDOS ESTE;4;6;2;0;0;12;1;0;4;12;1;0;2;5;0;1;0;5;2;0;0;1;20;SINTETICO
196012;196013;S;N;D;C30670239418;C30592665472;2025-11-21;2025-12-04;MARBAR F-15;8.09;LOS TOLDOS ESTE;6;4;0;0;0;2;0;0;2;0;0;0;0;1;0;0;0;0;1;0;0;0;13;SINTETICO
196014;;S;N;A;C33690244239;C30592665472;2026-09-23;2026-10-18;F-26;9.95;LOS TOLDOS ESTE;5;4;2;0;0;10;1;0;4;11;1;0;2;3;0;1;0;6;2;0;0;1;25;SINTETICO
196015;;S;S;A;C33690244239;C30546689979;2025-12-26;2026-01-31;F-03;9.93;LAS CAVERNAS;8;6;5;0;0;11;2;0;3;10;1;0;1;4;0;1;0;12;2;0;0;1;36;SINTETICO
196016;196017;E;N;D;;;2025-12-09;2026-01-23;NB-991;51.56;AGUADA FEDERAL;2;2;0;0;0;16;6;0;0;0;0;0;0;0;0;0;0;5;1;0;0;0;45;SINTETICO
196018;196019;E;S;D;;;2026-01-01;2026-02-01;HP-229;244.17;LAJE;1;1;2;0;0;40;7;0;2;5;0;0;13;4;1;0;1;19;3;1;0;2;31;SINTETICO
196020;196021;E;N;A;C33690244239;C30569719344;2026-05-23;2026-07-05;F-10;95.29;LOMA JARILLOSA;1;1;2;0;0;24;4;0;2;9;1;0;3;5;0;0;0;16;3;0;0;2;43;SINTETICO
196022;196023;S;S;D;C30715340026;C30546689979;2026-03-20;2026-03-30;SADA-167;29.57;LOMA CAMPANA;3;;;;;;;;;;;;;;;;;;;;;;10;SINTETICO
196024;;S;N;D;C30692298426;C30695570933;2026-04-26;2026-05-24;ENG-771;20.02;CRUZ DE LORENA ;5;4;3;0;0;12;2;0;4;0;1;0;6;4;1;0;1;7;2;0;0;0;28;SINTETICO
196025;196026;S;S;A;C30715110268;C30546689979;2025-05-27;2025-06-07;DLS-166;6.34;LAJE;4;6;0;0;0;16;3;0;2;0;0;0;0;1;0;0;0;8;0;0;0;0;11;SINTETICO
196027;196028;S;N;D;C30692298426;C30695570933;2026-05-22;2026-06-15;ENG-771;18.28;CRUZ DE LORENA ;4;4;4;0;0;16;2;0;3;0;1;0;5;5;1;0;1;7;2;0;0;0;24;SINTETICO
196029;196030;S;N;A;C33690244239;C33515950899;2026-08-18;2026-09-02;F-19;12.3;BAJADA DEL PALO ESTE;8;6;2;0;0;13;4;0;3;10;1;0;3;5;0;1;1;7;2;0;0;2;15;SINTETICO
196031;196032;F;S;;C30503610988;C30546689979;2026-08-24;2026-09-07;SET-05;4.63;LAJE;5;;;;;;;;;;;;;;;;;;;;;;14;SINTETICO
196033;196034;S;N;D;C30685218190;C30546689979;2025-08-14;2025-08-18;SNB-01;25.75;LOMA CAMPANA;;;0;0;0;8;4;0;0;0;0;0;0;0;0;0;0;6;0;0;0;0;4;SINTETICO
196035;196036;S;N;D;C33690244239;C33515950899;2026-09-20;2026-11-13;F-24;30.1;BAJADA DEL PALO ESTE;4;4;1;0;0;8;1;0;2;6;1;0;3;7;0;0;0;8;2;0;0;2;54;SINTETICO
196037;196038;E;N;D;C30553613147;;2026-03-16;2026-03-19;SAI-363;32.36;BASE SAI;1;1;0;0;0;5;1;0;3;0;0;0;0;1;0;0;0;4;0;0;0;0;3;SINTETICO
196039;196040;E;N;A;C30697295883;C30523479241;2025-11-16;2025-11-26;HP-447;0.1;EL TRAPIAL;0;0;0;0;0;3;0;0;1;0;0;0;0;2;0;0;0;3;2;0;0;0;10;SINTETICO
196041;196042;S;S;A;C30715110268;C30546689979;2026-10-27;2026-11-13;DLS-166;8.85;LAJE;5;6;0;0;0;9;1;0;3;0;0;0;0;2;0;1;0;8;2;0;0;0;17;SINTETICO
196043;196044;E;N;D;;;2025-10-18;2025-11-11;HP-210;140.2;Rincon de Aranda;1;1;0;0;0;17;6;0;0;0;0;0;0;0;0;0;1;13;0;0;0;0;24;SINTETICO
196045;196046;S;N;A;;;2025-06-17;2025-08-08;PLUS-03;17.86;LA CALERA;23;18;0;0;0;8;1;0;1;1;0;0;0;0;0;0;0;6;0;0;0;0;52;SINTETICO
196047;196048;S;N;D;C33690244239;C33515950899;2025-06-16;2025-07-17;F-24;22.02;BAJO DEL PALO ESTE;4;3;0;0;0;11;2;0;0;0;0;0;0;0;0;0;0;10;0;0;0;0;31;SINTETICO
196049;;S;N;A;;;2025-11-23;2025-12-17;sai-652;7.75;BAJO DEL CHOIQUE;6;7;0;0;0;8;1;0;1;0;0;0;0;0;0;0;0;4;0;0;0;0;24;SINTETICO
196050;196051;S;N;D;C30715340026;C30546689979;2025-09-07;2025-09-14;SADA-168;13.06;LAS CAVERNAS;4;3;0;0;0;6;1;0;0;0;0;0;0;0;0;0;0;6;0;0;0;0;7;SINTETICO
196052;196053;S;N;D;C33690244239;C33515950899;2025-10-22;2025-12-07;F-24;28.19;BAJADA DEL PALO ESTE;3;4;1;0;0;8;1;0;2;4;1;0;3;5;0;0;0;6;3;0;0;2;46;SINTETICO
196054;196055;S;N;D;C30692298426;C30695570933;2026-02-03;2026-02-27;ENG-771;20.01;CRUZ DE LORENA ;5;4;5;0;0;8;2;0;3;0;1;0;7;5;1;0;1;5;2;0;0;0;24;SINTETICO
196056;196057;S;N;A;C30692298426;C30526552659;2025-10-03;2025-11-18;ENG-768;11.19;RINCON DE ARANDA;4;4;0;0;0;8;2;0;3;0;0;0;0;6;0;0;0;8;2;0;0;0;46;SINTETICO
196058;196059;F;S;;C30503610988;C30546689979;2026-03-13;2026-03-29;SET-05;4.58;LAJE;5;;;;;;;;;;;;;;;;;;;;;;16;SINTETICO
196060;196061;S;N;D;C33690244239;C30592665472;2026-04-11;2026-05-06;F-36;25.42;FORTIN DE PIEDRA;4;4;0;0;0;16;1;0;1;0;0;0;0;0;0;0;0;11;0;0;0;0;25;SINTETICO
196062;;S;S;;C30553613147;C30629827060;2026-03-10;2026-04-03;SAI-651;5.48;AGUADA DEL CAJON;;;1;0;0;8;2;0;3;0;0;0;5;3;0;1;0;6;1;0;0;1;24;SINTETICO
196063;196064;E;N;D;C30715340026;C30546689979;2025-12-26;2025-12-31;SADA-167;121.38;LOMA CAMPANA;1;1;;;;;;;;;;;;;;;;;;;;;5;SINTETICO
196065;196066;E;N;D;;;2026-03-09;2026-03-31;HP-210;125.38;Rincon de Aranda;1;1;0;0;0;19;5;0;0;0;0;0;0;0;0;0;1;10;0;0;0;0;22;SINTETICO
196067;;S;N;A;C30697295883;C30526552659;2026-08-05;2026-09-03;HP-211;2.05;RINCON DE ARANDA;5;;0;0;0;8;2;0;4;6;0;0;4;2;0;1;0;3;2;0;0;1;29;SINTETICO
196068;196069;E;N;D;C30553613147;C30678224010;2026-02-11;2026-02-16;SAI-652;18.41;BAJO DEL CHOIQUE;2;1;0;0;0;7;0;0;2;0;0;0;0;0;0;0;0;6;1;0;0;0;5;SINTETICO
196070;196071;S;N;D;C33690244239;C33515950899;2026-07-23;2026-09-11;F-24;30.61;BAJADA DEL PALO ESTE;4;5;1;0;0;9;1;0;3;5;1;0;3;6;0;0;0;9;3;0;0;2;50;SINTETICO
196072;196073;E;N;D;C30553613147;;2026-03-17;2026-03-21;SAI-363;32.32;BASE SAI;1;1;0;0;0;5;1;0;2;0;0;0;0;1;0;0;0;3;0;0;0;0;4;SINTETICO
196074;;S;S;A;C30715110268;C30546689979;2026-10-24;2026-11-17;DLS-163;1.48;RIO NEUQUEN;7;7;2;0;0;7;3;0;6;7;0;0;4;4;0;1;1;4;4;0;0;1;24;SINTETICO
196075;;E;N;A;C30685218190;C30546689979;2026-08-16;2026-09-06;SNB-01;162.82;LOMA LA LATA;1;1;0;0;0;17;5;0;0;0;0;0;1;2;0;0;0;4;0;0;0;0;21;SINTETICO
196076;196077;S;N;A;;;2025-08-11;2025-09-25;PLUS-03;17.44;LA CALERA;22;22;0;0;0;7;1;0;1;1;0;0;0;0;0;0;0;5;0;0;0;0;45;SINTETICO
196078;196079;S;S;;C30553613147;C30629827060;2026-05-25;2026-06-15;SAI-651;5.14;AGUADA DEL CAJON;;;1;0;0;5;2;0;3;0;0;0;4;4;0;1;0;5;1;0;0;1;21;SINTETICO
196080;196081;S;S;A;C30697295883;C30546689979;2026-09-21;2026-10-14;HP-229;16.0;ENTRE LAGOS;4;4;3;0;0;10;2;0;2;0;0;0;4;2;0;1;0;5;2;0;0;1;23;SINTETICO
196082;;E;N;A;C30697295883;C30523479241;2025-06-07;2025-06-19;HP-447;0.1;EL TRAPIAL;0;0;0;0;0;3;0;0;1;0;0;0;0;2;0;0;0;3;2;0;0;0;12;SINTETICO
196083;196084;F;S;;C30503610988;C30546689979;2026-01-28;2026-02-08;SET-05;5.31;LAJE;6;;;;;;;;;;;;;;;;;;;;;;11;SINTETICO
196085;;E;N;D;C30670239418;C30546689979;2026-02-03;2026-02-07;MARBAR 166;6.27;LAJE;6;;0;0;0;5;3;0;0;0;0;0;0;0;0;0;0;3;0;0;0;0;4;SINTETICO
196086;196087;S;N;D;;;2025-09-21;2025-10-09;ENG-768;5.19;Rincon de Aranda;5;4;0;0;0;9;1;0;1;0;0;0;0;0;0;0;1;7;0;0;0;0;18;SINTETICO
196088;196089;E;N;D;C30697295883;C30546689979;2025-11-06;2025-11-15;HP-219;172.84;LAJE;1;1;1;0;0;27;10;0;2;6;0;0;6;3;0;0;1;36;2;0;0;0;9;SINTETICO
196090;;E;N;D;C30692298426;C30526552659;2026-08-15;2026-09-28;ENG-768;98.92;SiERRA CHATA;1;1;2;0;0;18;4;0;2;7;1;0;8;4;2;0;0;19;2;0;0;2;44;SINTETICO
196091;196092;E;N;D;C30697295883;C30546689979;2026-08-23;2026-08-31;HP-219;167.32;LAJE;1;1;1;0;0;32;12;0;2;7;0;0;7;3;0;0;1;22;2;0;0;0;8;SINTETICO
196093;;E;N;D;C30670239418;C30592665472;2026-02-05;2026-02-15;MARBAR 213;2.34;LOS TOLDOS;5;4;0;0;0;3;3;0;1;0;0;0;0;2;0;0;0;1;0;0;0;0;10;SINTETICO
196094;;E;S;D;C30715110268;C30546689979;2026-05-28;2026-07-03;DLS-163;370.53;AGUAS NEGRAS;1;1;0;0;0;15;2;0;1;0;0;0;0;1;0;0;0;3;0;0;0;0;36;SINTETICO
196095;;E;S;D;C30715110268;C30546689979;2026-09-19;2026-10-24;DLS-163;288.42;AGUAS NEGRAS;1;1;0;0;0;12;2;0;1;0;0;0;0;1;0;0;0;5;0;0;0;0;35;SINTETICO
196096;196097;E;N;D;;;2025-12-21;2026-01-04;SAI-652;98.69;AÑELO;2;1;0;0;0;0;0;0;0;0;0;0;0;0;0;0;0;0;0;0;0;0;14;SINTETICO
196098;;E;N;D;C30670239418;C30592665472;2026-08-07;2026-08-23;MARBAR F-36;18.2;FORTIN DE PIEDRA;4;3;0;0;0;6;1;0;1;0;0;0;1;1;0;0;0;4;2;0;0;0;16;SINTETICO
196099;196100;E;N;A;C30697295883;C30523479241;2026-04-06;2026-04-16;HP-447;0.11;EL TRAPIAL;0;0;0;0;0;4;0;0;1;0;0;0;0;2;0;0;0;3;2;0;0;0;10;SINTETICO
196101;;S;N;D;C30670239418;C30592665472;2026-06-29;2026-07-04;MARBAR F-36;1.0;FORTIN DE PIEDRA;3;3;0;0;0;2;0;0;1;0;0;0;0;1;0;0;0;1;1;0;0;0;5;SINTETICO
196102;196103;E;S;D;C30715110268;C30546689979;2026-04-04;2026-05-09;DLS-163;331.11;AGUAS NEGRAS;1;1;0;0;0;15;1;0;1;0;0;0;0;1;0;0;0;5;0;0;0;0;35;SINTETICO
196104;;F;S;;C30503610988;C30546689979;2026-11-01;2026-11-13;SET-02;17.23;LAA;4;;0;0;1;17;6;0;0;0;0;0;0;0;0;0;0;7;0;0;0;0;12;SINTETICO
196105;196106;S;N;A;C30692298426;C30526552659;2026-02-06;2026-03-24;ENG-768;10.05;RINCON DE ARANDA;5;4;0;0;0;9;2;0;3;0;0;0;0;5;0;0;0;6;2;0;0;0;46;SINTETICO
196107;;E;N;D;;;2026-01-23;2026-03-05;NB-991;49.59;AGUADA FEDERAL;3;2;0;0;0;14;8;0;0;0;0;0;0;0;0;0;0;5;1;0;0;0;41;SINTETICO
196108;196109;S;N;A;;;2025-08-30;2025-09-20;sai-652;8.27;BAJO DEL CHOIQUE;6;6;0;0;0;7;1;0;1;0;0;0;0;0;0;0;0;5;0;0;0;0;21;SINTETICO
196110;196111;S;N;D;C33690244239;C30642555274;2026-05-09;2026-06-18;F-10;80.0;AGUADA PICHANA ;2;2;1;0;0;20;2;0;2;8;1;0;7;4;0;1;1;17;2;0;0;0;40;SINTETICO
196112;196113;E;N;A;C30697295883;C30523479241;2025-07-30;2025-08-08;HP-447;0.1;EL TRAPIAL;0;0;0;0;0;3;0;0;1;0;0;0;0;2;0;0;0;3;2;0;0;0;9;SINTETICO
196114;196115;S;N;D;C30670239418;C30592665472;2026-10-23;2026-10-27;MARBAR F-36;1.15;FORTIN DE PIEDRA;4;3;0;0;0;2;0;0;1;0;0;0;0;1;0;0;0;1;1;0;0;0;4;SINTETICO
196116;196117;S;N;D;C30715110268;C30695542476;2026-10-22;2026-11-07;DLS-165;156.92;APO;0;0;2;0;0;18;2;0;2;7;1;0;13;2;0;0;1;13;2;0;0;9;16;SINTETICO
196118;196119;S;S;A;C30715110268;C30546689979;2026-09-08;2026-10-01;DLS-163;1.46;RIO NEUQUEN;10;8;2;0;0;6;3;0;4;6;0;0;4;4;0;1;1;3;4;0;0;1;23;SINTETICO
196120;;F;S;;C30503610988;C30546689979;2026-03-30;2026-04-04;SET-04;5.35;BASE ;5;;0;0;0;6;2;0;0;0;0;0;0;0;0;0;0;0;0;0;0;0;5;SINTETICO
196121;196122;E;N;D;C33718575759;C30718030478;2026-06-22;2026-07-09;PRC-01;340.46;LOMA DE LA MINA;1;1;0;0;0;14;2;0;0;0;0;0;0;0;0;0;0;10;0;0;0;0;17;SINTETICO
196123;196124;S;N;A;C30697295883;C30526552659;2026-01-05;2026-01-30;HP-211;2.2;RINCON DE ARANDA;4;;0;0;0;6;2;0;4;6;0;0;3;2;0;1;0;3;2;0;0;1;25;SINTETICO
196125;196126;E;N;D;C30670239418;C30546689979;2026-05-21;2026-05-26;MARBAR - D.BAYO;314.01;BASE NEUQUEN;7;0;0;0;0;4;4;0;2;0;0;0;0;2;0;0;0;3;0;0;0;0;5;SINTETICO
196127;196128;S;N;A;C30553613147;C30678224010;2026-06-25;2026-08-25;PLUS-02;32.97;LA CALERA;2;1;0;0;0;13;2;0;3;5;0;2;2;2;0;1;1;6;1;0;0;3;61;SINTETICO
196129;;E;N;D;;;2026-01-04;2026-01-21;SAI-652;95.87;AÑELO;2;1;0;0;0;0;0;0;0;0;0;0;0;0;0;0;0;0;0;0;0;0;17;SINTETICO
196130;196131;S;N;A;C30692298426;C30526552659;2026-07-29;2026-09-12;ENG-768;10.15;RINCON DE ARANDA;3;4;0;0;0;8;2;0;3;0;0;0;0;5;0;0;0;7;2;0;0;0;45;SINTETICO
196132;;E;N;D;C30715340026;C30546689979;2025-11-19;2025-11-26;SADA-167;117.63;LC;6;0;0;0;0;8;7;0;0;0;0;0;0;1;0;0;0;2;1;0;0;0;7;SINTETICO
196133;;S;S;D;C30697295883;C30546689979;2025-06-20;2025-07-04;HP-229;26.88;BAJO DEL TORO;4;5;0;0;0;12;1;0;0;0;0;0;0;0;0;0;0;9;0;0;0;0;14;SINTETICO
196134;;S;S;A;C30715110268;C30546689979;2026-03-26;2026-04-17;DLS-163;1.54;RIO NEUQUEN;10;9;2;0;0;6;3;0;6;6;0;0;4;4;0;1;1;4;4;0;0;1;22;SINTETICO
196135;;S;N;A;C33690244239;C33515950899;2026-06-26;2026-07-12;F-19;12.93;BAJADA DEL PALO ESTE;10;7;2;0;0;10;4;0;2;9;1;0;3;5;0;1;1;6;2;0;0;2;16;SINTETICO
196136;196137;E;N;D;;;2026-02-12;2026-03-04;PAE-01;134.23;COIRON AMARGO SUR ESTE;1;1;0;0;0;19;4;0;0;0;0;0;0;0;0;0;0;10;0;0;0;0;20;SINTETICO
196138;196139;E;N;D;C30692298426;C30526552659;2026-05-09;2026-06-21;ENG-768;123.51;SiERRA CHATA;1;1;3;0;0;20;3;0;2;9;1;0;9;4;2;0;0;19;2;0;0;2;43;SINTETICO
196140;196141;S;S;A;C30715110268;C30546689979;2026-06-06;2026-06-23;DLS-166;8.99;LAJE;4;5;0;0;0;1;0;0;2;5;0;0;0;2;0;0;0;0;1;0;0;2;17;SINTETICO
196142;196143;S;N;D;C30692298426;C30695570933;2026-06-20;2026-07-21;ENG-771;14.91;CRUZ DE LORENA ;5;4;5;0;0;10;2;0;4;0;1;0;7;4;1;0;1;6;2;0;0;0;31;SINTETICO
196144;196145;E;N;D;C30685218190;C30546689979;2025-12-15;2025-12-21;SNB-01;163.47;LOMA LA LATA;1;1;0;0;0;14;2;0;0;0;0;0;0;0;0;0;0;9;0;0;0;0;6;SINTETICO
196146;;S;N;D;C30715340026;C30546689979;2026-05-07;2026-05-15;SADA-168;13.84;LAS CAVERNAS;5;4;0;0;0;5;1;0;0;0;0;0;0;0;0;0;0;5;0;0;0;0;8;SINTETICO
196147;196148;S;N;D;C30670239418;C30592665472;2026-10-31;2026-11-05;MARBAR F-36;1.06;FORTIN DE PIEDRA;4;3;0;0;0;2;0;0;1;0;0;0;0;1;0;0;0;1;1;0;0;0;5;SINTETICO
196149;196150;S;N;D;C30715340026;C30546689979;2026-04-16;2026-04-23;SADA DLS-166;9.17;LAJE;6;6;0;0;0;3;0;0;0;0;0;0;0;1;0;0;0;0;0;0;0;0;7;SINTETICO
196151;196152;S;N;D;;;2025-06-20;2025-07-09;ENG-768;5.83;Rincon de Aranda;5;4;0;0;0;10;1;0;1;0;0;0;0;0;0;0;1;5;0;0;0;0;19;SINTETICO
196153;196154;S;S;A;C30715110268;C30546689979;2026-09-01;2026-09-24;DLS-163;1.74;RIO NEUQUEN;7;7;2;0;0;3;3;0;8;5;0;0;3;4;0;1;1;5;4;0;0;1;23;SINTETICO
196155;196156;S;N;D;C30692298426;C30695570933;2025-09-29;2025-10-22;ENG-771;17.43;CRUZ DE LORENA ;4;4;3;0;0;12;2;0;2;0;1;0;6;4;1;0;1;8;2;0;0;0;23;SINTETICO
196157;;S;N;A;C33690244239;C33515950899;2026-06-28;2026-07-14;F-19;12.44;BAJADA DEL PALO ESTE;8;8;2;0;0;14;4;0;3;10;1;0;3;5;0;1;1;6;2;0;0;2;16;SINTETICO
196158;;S;N;D;C30692298426;C30695570933;2025-12-24;2026-01-25;ENG-771;20.35;CRUZ DE LORENA ;6;6;4;0;0;7;2;0;4;0;1;0;6;5;1;0;1;6;2;0;0;0;32;SINTETICO
196159;;S;S;D;C30715340026;C30546689979;2026-09-23;2026-10-01;SADA-167;28.5;LOMA CAMPANA;3;;;;;;;;;;;;;;;;;;;;;;8;SINTETICO
196160;;E;N;D;;;2025-09-13;2025-10-07;HP-210;117.92;Rincon de Aranda;1;1;0;0;0;23;6;0;0;0;0;0;0;0;0;0;1;10;0;0;0;0;24;SINTETICO
196161;196162;E;N;D;C30670239418;C30546689979;2026-07-26;2026-08-01;MARBAR - D.BAYO;325.54;BASE NEUQUEN;7;0;0;0;0;7;3;0;1;0;0;0;0;2;0;0;0;3;0;0;0;0;6;SINTETICO
196163;196164;E;S;D;;;2026-05-11;2026-06-07;HP-229;228.45;LAJE;1;1;3;0;0;36;7;0;2;7;0;0;15;4;1;0;1;12;3;1;0;2;27;SINTETICO
196165;196166;E;N;D;C30715110268;C30546689979;2026-02-27;2026-04-01;DLS-175;1.15;ENTRE LAGOS;;;0;0;0;35;5;1;0;0;0;0;0;0;0;0;0;11;0;0;0;0;33;SINTETICO
196167;;E;S;A;C33690244239;C30546689979;2025-06-13;2025-07-12;F-07;31.01;LA CAVERNA;4;3;0;0;0;15;3;0;1;0;0;0;0;0;0;0;0;11;0;0;0;0;29;SINTETICO
196168;;S;S;A;C30715110268;C30546689979;2026-06-19;2026-07-07;DLS-166;8.86;LAJE;6;4;0;0;0;8;1;0;5;0;0;0;0;2;0;1;0;6;3;0;0;0;18;SINTETICO
196169;196170;E;S;D;C33690244239;C30546689979;2025-10-27;2025-11-17;F-35;56.62;LAJE;2;2;0;0;0;26;6;0;0;0;0;0;1;0;0;0;0;14;0;0;0;0;21;SINTETICO
196171;;E;N;D;C30715340026;C30546689979;2025-12-21;2025-12-28;SADA-167;130.17;LC;7;0;0;0;0;7;3;0;0;0;0;0;0;1;0;0;0;2;1;0;0;0;7;SINTETICO
196172;196173;S;S;D;C30715340026;C30546689979;2026-07-30;2026-08-08;SADA-167;26.87;LOMA CAMPANA;3;;;;;;;;;;;;;;;;;;;;;;9;SINTETICO
196174;196175;S;S;A;C30697295883;C30546689979;2026-09-23;2026-10-15;HP-229;13.7;ENTRE LAGOS;4;3;2;0;0;10;3;0;3;0;0;0;3;1;0;1;0;5;2;0;0;1;22;SINTETICO
196176;;S;N;D;;;2026-01-31;2026-02-18;ENG-768;5.7;Rincon de Aranda;5;4;0;0;0;11;1;0;1;0;0;0;0;0;0;0;1;5;0;0;0;0;18;SINTETICO
196177;;S;S;;C30553613147;C30629827060;2026-05-11;2026-06-01;SAI-651;5.25;AGUADA DEL CAJON;;;1;0;0;8;2;0;3;0;0;0;4;2;0;1;0;6;2;0;0;1;21;SINTETICO
196178;196179;E;N;D;C30670239418;C30546689979;2025-09-09;2025-09-14;MARBAR - D.BAYO;366.57;BASE NEUQUEN;8;0;0;0;0;5;3;0;2;0;0;0;0;2;0;0;0;2;0;0;0;0;5;SINTETICO
196180;196181;E;N;D;C33690244239;C30592665472;2026-08-16;2026-09-21;NB-991;106.27;PUESTO PARADA;1;1;0;0;0;15;3;0;2;4;1;0;1;5;0;0;0;14;3;0;0;0;36;SINTETICO
196182;196183;E;N;D;;;2025-09-19;2025-10-02;SAI-652;99.27;AÑELO;2;1;0;0;0;0;0;0;0;0;0;0;0;0;0;0;0;0;0;0;0;0;13;SINTETICO
196184;;S;N;D;C30685218190;C30546689979;2025-08-05;2025-08-26;SNB-01;23.88;PIA;7;5;0;0;0;9;0;0;0;0;0;0;0;0;0;0;0;0;0;0;0;0;21;SINTETICO
196185;;E;N;D;C33690244239;C30710346409;2026-03-03;2026-03-24;F-10;107.3;AGUADA PICHANA;7;9;0;0;0;13;6;0;0;0;0;0;0;0;0;0;0;10;0;0;0;0;21;SINTETICO
196186;196187;E;N;D;C30715110268;C30695542476;2026-03-28;2026-04-22;DLS-165;143.59;CASE;1;1;0;1;0;16;3;0;0;0;0;0;0;0;0;0;0;21;0;0;0;0;25;SINTETICO
196188;196189;E;S;D;C30715110268;C30546689979;2026-07-16;2026-08-16;DLS-163;312.85;AGUAS NEGRAS;1;1;0;0;0;12;2;0;1;0;0;0;0;1;0;0;0;6;0;0;0;0;31;SINTETICO
196190;196191;S;S;A;C30715110268;C30546689979;2026-05-13;2026-05-28;DLS-166;9.4;LAJE;4;4;0;0;0;8;1;0;4;0;0;0;0;2;0;1;0;7;1;0;0;0;15;SINTETICO
196192;196193;S;S;A;C33690244239;C30546689979;2026-07-11;2026-08-14;F-07;33.48;LAS CAVERNAS;4;3;3;0;0;13;4;0;3;10;2;0;3;5;0;1;0;5;2;0;0;2;34;SINTETICO
196194;196195;S;N;A;;;2025-07-03;2025-08-02;F-34;17.06;BAJADA DEL PALO OESTE;3;3;0;0;0;8;1;0;0;0;0;0;0;0;0;0;0;6;0;0;0;0;30;SINTETICO
196196;196197;E;N;D;C30692298426;C30526552659;2026-10-25;2026-12-04;ENG-768;122.34;SiERRA CHATA;1;1;3;0;0;17;3;0;1;9;1;0;10;4;2;0;0;14;2;0;0;3;40;SINTETICO
196198;196199;E;S;A;C33690244239;C30546689979;2025-08-09;2025-09-09;F-07;31.94;LA CAVERNA;5;3;0;0;0;13;2;0;1;0;0;0;0;0;0;0;0;14;0;0;0;0;31;SINTETICO
196200;196201;E;N;D;C33616008639;C30569719344;2025-10-31;2025-11-11;NOV-F-10;90.19;LOMA JARILLOSA;1;1;0;0;0;3;2;0;1;0;0;0;0;2;0;0;0;1;1;0;0;0;11;SINTETICO
196202;196203;S;N;A;C30670239418;C30546689979;2026-04-16;2026-04-22;MARBAR DLS-166;8.87;LAJE;6;3;0;0;0;5;2;0;2;0;0;0;0;1;0;0;0;0;0;0;0;0;6;SINTETICO
196204;196205;E;S;A;C30715340026;C30546689979;2027-01-18;2027-01-29;SADA (DLS-167);57.58;LOMA CAMPANA;3;5;0;0;0;5;4;0;2;0;0;0;1;2;0;0;0;2;2;0;0;0;11;SINTETICO
196206;;S;S;;C33690244239;C30546689979;2026-08-14;2026-09-18;F-07;19.86;LAS CAVERNAS;3;;2;0;0;18;4;0;3;15;1;0;3;5;0;1;0;8;2;0;0;4;35;SINTETICO
196207;196208;E;N;D;C30670239418;C30592665472;2026-08-30;2026-09-07;MARBAR 213;2.66;LOS TOLDOS;4;6;0;0;0;2;3;0;1;0;0;0;0;2;0;0;0;1;0;0;0;0;8;SINTETICO
196209;196210;E;S;A;C33690244239;C30546689979;2025-10-22;2025-11-19;F-07;34.8;LA CAVERNA;3;3;0;0;0;8;3;0;1;0;0;0;0;0;0;0;0;12;0;0;0;0;28;SINTETICO
196211;196212;E;N;D;C30670239418;C30592665472;2025-06-17;2025-06-22;MARBAR F-36;26.64;FDP;4;0;0;0;0;8;2;0;0;0;0;0;0;0;0;0;0;3;0;0;0;0;5;SINTETICO
196213;;S;N;A;;;2025-06-30;2025-08-10;PLUS-03;16.38;LA CALERA;18;21;0;0;0;5;1;0;1;1;0;0;0;0;0;0;0;5;0;0;0;0;41;SINTETICO
196214;;S;N;A;C30670239418;C30546689979;2026-08-15;2026-08-22;MARBAR DLS-166;9.3;LAJE;6;4;0;0;0;5;2;0;2;0;0;0;0;1;0;0;0;0;0;0;0;0;7;SINTETICO
196215;196216;E;N;D;C30670239418;C30546689979;2026-02-08;2026-02-16;MARBAR-229;215.29;LAJE;1;1;0;0;0;6;2;0;1;0;0;0;1;2;0;0;0;5;0;0;0;0;8;SINTETICO
196217;;S;N;D;C30685218190;C30546689979;2025-12-12;2026-01-01;SNB-01;32.06;PIA;7;6;0;0;0;11;0;0;0;0;0;0;0;0;0;0;0;0;0;0;0;0;20;SINTETICO
196218;196219;E;S;D;C30715110268;C30546689979;2026-06-11;2026-07-11;DLS-163;324.19;AGUAS NEGRAS;1;1;0;0;0;13;2;0;1;0;0;0;0;1;0;0;0;4;0;0;0;0;30;SINTETICO
196220;;S;N;A;C33690244239;C33515950899;2026-03-27;2026-04-14;F-19;12.8;BAJADA DEL PALO ESTE;6;8;2;0;0;12;5;0;4;9;1;0;3;6;0;1;1;8;2;0;0;2;18;SINTETICO
196221;;E;S;A;C30715340026;C30546689979;2026-12-26;2027-01-06;SADA (DLS-167);57.68;LOMA CAMPANA;4;4;0;0;0;7;5;0;2;0;0;0;1;2;0;0;0;2;2;0;0;0;11;SINTETICO
196222;196223;F;S;;C30503610988;C30546689979;2026-04-08;2026-04-14;SET-04;6.33;BASE ;5;;0;0;0;7;3;0;0;0;0;0;0;0;0;0;0;0;0;0;0;0;6;SINTETICO
196224;196225;S;S;D;C30697295883;C30546689979;2025-10-14;2025-10-26;HP-229;27.18;BAJO DEL TORO;4;4;0;0;0;9;1;0;0;0;0;0;0;0;0;0;0;9;0;0;0;0;12;SINTETICO
196226;196227;S;N;A;C30697295883;C30526552659;2025-11-14;2025-11-29;HP-211;5.24;RINCON DE ARANDA;;;0;0;0;8;2;0;1;0;0;0;0;0;0;0;0;8;0;0;0;0;15;SINTETICO
196228;;F;S;;C30503610988;C30546689979;2026-11-02;2026-11-16;SET-05;5.63;LAJE;5;;;;;;;;;;;;;;;;;;;;;;14;SINTETICO
196229;;S;N;D;C30670239418;C30592665472;2026-08-28;2026-09-09;MARBAR F-15;9.44;LOS TOLDOS ESTE;6;5;0;0;0;2;0;0;2;0;0;0;0;1;0;0;0;0;1;0;0;0;12;SINTETICO
196230;196231;E;S;A;C30715340026;C30546689979;2027-03-04;2027-03-17;SADA (DLS-167);48.49;LOMA CAMPANA;4;3;0;0;0;5;3;0;2;0;0;0;1;3;0;0;0;2;2;0;0;0;13;SINTETICO
196232;;E;S;D;C30715110268;C30546689979;2026-10-07;2026-11-08;DLS-163;399.52;AGUAS NEGRAS;1;1;0;0;0;10;2;0;1;0;0;0;0;1;0;0;0;5;0;0;0;0;32;SINTETICO
196233;196234;E;S;A;C33690244239;C30546689979;2026-03-28;2026-04-27;F-07;29.24;LA CAVERNA;4;3;0;0;0;13;3;0;1;0;0;0;0;0;0;0;0;12;0;0;0;0;30;SINTETICO
196235;196236;S;N;A;;;2026-02-08;2026-03-25;PLUS-03;20.03;LA CALERA;20;16;0;0;0;6;1;0;1;1;0;0;0;0;0;0;0;5;0;0;0;0;45;SINTETICO
196237;196238;E;N;A;C30685218190;C30546689979;2026-05-10;2026-05-29;SNB-01;161.9;LOMA LA LATA;1;1;0;0;0;12;5;0;0;0;0;0;1;2;0;0;0;4;0;0;0;0;19;SINTETICO
196239;196240;E;N;A;C30697295883;C30523479241;2025-08-17;2025-08-29;HP-447;0.09;EL TRAPIAL;0;0;0;0;0;3;0;0;1;0;0;0;0;2;0;0;0;2;2;0;0;0;12;SINTETICO
196241;196242;S;N;A;;;2025-12-04;2026-01-02;F-34;16.5;BAJADA DEL PALO OESTE;4;4;0;0;0;7;1;0;0;0;0;0;0;0;0;0;0;5;0;0;0;0;29;SINTETICO
196243;196244;S;N;D;C33690244239;C33515950899;2025-08-30;2025-09-30;F-24;20.9;BAJO DEL PALO ESTE;3;4;0;0;0;9;2;0;0;0;0;0;0;0;0;0;0;9;0;0;0;0;31;SINTETICO
196245;;E;N;A;C30697295883;C30523479241;2025-10-10;2025-10-22;HP-447;0.11;EL TRAPIAL;0;0;0;0;0;3;0;0;1;0;0;0;0;2;0;0;0;3;2;0;0;0;12;SINTETICO
196246;;E;N;D;C30553613147;C30678224010;2025-08-24;2025-08-31;SAI-652;20.46;BAJO DEL CHOIQUE;2;1;0;0;0;6;0;0;2;0;0;0;0;0;0;0;0;4;1;0;0;0;7;SINTETICO
196247;196248;S;S;;C30553613147;C30629827060;2025-12-18;2026-01-09;SAI-651;5.72;AGUADA DEL CAJON;;;1;0;0;8;2;0;2;0;0;0;4;3;0;1;0;7;2;0;0;1;22;SINTETICO
196249;196250;E;N;D;C30670239418;C30592665472;2026-05-16;2026-05-25;MARBAR 213;2.52;LOS TOLDOS;5;6;0;0;0;2;3;0;1;0;0;0;0;2;0;0;0;1;0;0;0;0;9;SINTETICO
196251;196252;E;N;D;;;2025-12-30;2026-02-15;NB-991;48.35;AGUADA FEDERAL;3;2;0;0;0;14;8;0;0;0;0;0;0;0;0;0;0;7;1;0;0;0;47;SINTETICO
196253;;E;S;D;C30715110268;C30546689979;2026-09-03;2026-10-08;DLS-163;341.85;AGUAS NEGRAS;1;1;0;0;0;11;2;0;1;0;0;0;0;1;0;0;0;6;0;0;0;0;35;SINTETICO
196254;196255;S;S;A;C30715110268;C30546689979;2026-08-13;2026-09-01;DLS-166;9.97;LAJE;4;4;0;0;0;10;1;0;4;0;0;0;0;2;0;1;0;10;1;0;0;0;19;SINTETICO
196256;;E;N;D;C33616008639;C30569719344;2025-12-14;2025-12-25;NOV-F-10;75.5;LOMA JARILLOSA;1;1;0;0;0;4;3;0;1;0;0;0;0;2;0;0;0;1;1;0;0;0;11;SINTETICO
196257;196258;E;N;D;;;2025-12-28;2026-01-13;SAI-652;107.26;AÑELO;2;1;0;0;0;0;0;0;0;0;0;0;0;0;0;0;0;0;0;0;0;0;16;SINTETICO
196259;196260;S;S;;C33690244239;C30546689979;2026-08-10;2026-09-14;F-07;22.9;LAS CAVERNAS;3;;2;0;0;11;4;0;3;13;1;0;3;5;0;1;0;11;2;0;0;4;35;SINTETICO
196261;196262;S;N;A;C30553613147;C30678224010;2025-04-04;2025-04-23;SAI-652;4.56;BAJO DEL CHOIQUE;1;1;0;0;0;6;1;0;1;0;0;0;0;0;0;1;0;9;0;0;0;0;19;SINTETICO
196263;196264;F;S;;C30503610988;C30546689979;2026-03-18;2026-04-02;SET-05;5.73;LAJE;6;;;;;;;;;;;;;;;;;;;;;;15;SINTETICO
196265;196266;E;N;D;;;2025-07-18;2025-08-10;HP-210;133.3;Rincon de Aranda;1;1;0;0;0;22;6;0;0;0;0;0;0;0;0;0;1;11;0;0;0;0;23;SINTETICO
196267;196268;E;N;D;;;2025-11-06;2025-11-29;PAE-01;138.19;COIRON AMARGO SUR ESTE;1;1;0;0;0;15;3;0;0;0;0;0;0;0;0;0;0;9;0;0;0;0;23;SINTETICO
196269;196270;E;N;D;C30670239418;C30592665472;2025-10-26;2025-11-09;MARBAR F-36;14.18;FORTIN DE PIEDRA;3;3;0;0;0;4;1;0;1;0;0;0;1;1;0;0;0;3;2;0;0;0;14;SINTETICO
196271;;S;N;A;C30692298426;C30526552659;2026-06-05;2026-07-24;ENG-768;11.21;RINCON DE ARANDA;3;4;0;0;0;8;2;0;3;0;0;0;0;6;0;0;0;6;2;0;0;0;49;SINTETICO
196272;196273;S;N;A;;;2026-04-08;2026-05-01;sai-652;7.87;BAJO DEL CHOIQUE;6;5;0;0;0;9;1;0;1;0;0;0;0;0;0;0;0;5;0;0;0;0;23;SINTETICO
196274;196275;S;N;A;C33690244239;C33515950899;2026-04-17;2026-05-04;F-19;11.82;BAJADA DEL PALO ESTE;9;11;2;0;0;13;3;0;3;9;1;0;3;5;0;1;1;8;2;0;0;2;17;SINTETICO
196276;;S;N;D;C30685218190;C30546689979;2025-06-29;2025-07-03;SNB-01;23.58;LOMA CAMPANA;;;0;0;0;9;4;0;0;0;0;0;0;0;0;0;0;5;0;0;0;0;4;SINTETICO
196277;;S;N;D;C30670239418;C30592665472;2026-03-01;2026-03-12;MARBAR F-15;10.84;LOS TOLDOS ESTE;4;5;0;0;0;1;0;0;2;0;0;0;0;1;0;0;0;0;1;0;0;0;11;SINTETICO
196278;196279;E;N;D;C33690244239;C30592665472;2026-06-21;2026-07-29;NB-991;106.5;PUESTO PARADA;1;1;0;0;0;25;5;0;2;5;1;0;1;7;0;0;0;16;3;0;0;0;38;SINTETICO
196280;196281;E;N;D;C33616008639;C30569719344;2026-04-11;2026-04-24;NOV-F-10;90.37;LOMA JARILLOSA;1;1;0;0;0;3;2;0;1;0;0;0;0;2;0;0;0;1;1;0;0;0;13;SINTETICO
196282;196283;S;S;A;C30715110268;C30546689979;2026-04-12;2026-04-28;DLS-166;8.48;LAJE;3;5;0;0;0;1;0;0;2;4;0;0;0;2;0;0;0;0;1;0;0;2;16;SINTETICO
196284;196285;S;S;A;C30715110268;C30546689979;2026-02-12;2026-03-01;DLS-169;21.12;LA AMARGA CHICA;4;4;0;0;0;17;5;0;5;5;0;0;2;3;0;2;1;10;2;0;0;2;17;SINTETICO
196286;196287;S;S;A;C30715110268;C30546689979;2027-01-31;2027-02-14;DLS-166;9.58;LAJE;6;5;0;0;0;1;0;0;2;4;0;0;0;2;0;0;0;0;1;0;0;2;14;SINTETICO
196288;196289;E;N;D;C30553613147;C30678224010;2025-11-30;2025-12-06;SAI-652;16.96;BAJO DEL CHOIQUE;2;1;0;0;0;6;0;0;2;0;0;0;0;0;0;0;0;4;1;0;0;0;6;SINTETICO
196290;196291;S;S;D;C30715340026;C30546689979;2026-04-02;2026-04-11;SADA-167;30.32;LOMA CAMPANA;3;;;;;;;;;;;;;;;;;;;;;;9;SINTETICO
196292;;S;S;A;C30715110268;C30546689979;2026-10-13;2026-11-01;DLS-166;10.2;LAJE;6;5;0;0;0;1;0;0;2;4;0;0;0;2;0;0;0;0;1;0;0;2;19;SINTETICO
196293;196294;E;N;D;;;2026-02-11;2026-03-24;NB-991;53.53;AGUADA FEDERAL;2;2;0;0;0;22;9;0;0;0;0;0;0;0;0;0;0;4;1;0;0;0;41;SINTETICO
196295;196296;E;N;D;C30715340026;C30546689979;2026-06-14;2026-06-22;SADA-167;108.36;LC;6;0;0;0;0;8;5;0;0;0;0;0;0;1;0;0;0;2;1;0;0;0;8;SINTETICO
196297;196298;S;N;D;C30692298426;C30695570933;2026-06-09;2026-07-05;ENG-771;18.28;CRUZ DE LORENA ;6;5;4;0;0;13;2;0;4;0;1;0;5;4;1;0;1;7;2;0;0;0;26;SINTETICO
196299;;E;S;D;C30715110268;C30546689979;2026-07-05;2026-08-08;DLS-163;355.65;AGUAS NEGRAS;1;1;0;0;0;14;2;0;1;0;0;0;0;1;0;0;0;5;0;0;0;0;34;SINTETICO
196300;196301;S;N;D;;;2026-03-07;2026-03-26;ENG-768;4.95;Rincon de Aranda;5;4;0;0;0;11;1;0;1;0;0;0;0;0;0;0;1;7;0;0;0;0;19;SINTETICO
196302;196303;S;N;A;;;2026-04-07;2026-04-28;sai-652;7.44;BAJO DEL CHOIQUE;6;6;0;0;0;11;1;0;1;0;0;0;0;0;0;0;0;4;0;0;0;0;21;SINTETICO
196304;196305;E;N;D;;;2025-05-28;2025-06-05;SAI-652;97.54;AÑELO;2;1;0;0;0;0;0;0;0;0;0;0;0;0;0;0;0;0;0;0;0;0;8;SINTETICO
196306;196307;S;N;A;C30670239418;C30546689979;2026-08-12;2026-08-20;MARBAR DLS-166;7.0;LAJE;5;3;0;0;0;5;2;0;2;0;0;0;0;1;0;0;0;0;0;0;0;0;8;SINTETICO
196308;;S;N;D;C30715110268;C30695542476;2026-06-13;2026-07-02;DLS-165;151.97;APO;0;0;2;0;0;14;2;0;2;8;1;0;13;2;0;0;1;14;3;0;0;11;19;SINTETICO
196309;;S;N;D;C30685218190;C30546689979;2025-05-24;2025-06-14;SNB-01;27.82;PIA;6;6;0;0;0;10;0;0;0;0;0;0;0;0;0;0;0;0;0;0;0;0;21;SINTETICO
196310;196311;F;S;;C30503610988;C30546689979;2026-05-21;2026-06-05;SET-05;4.96;LAJE;5;;;;;;;;;;;;;;;;;;;;;;15;SINTETICO
196312;;S;N;D;C30715340026;C30546689979;2026-04-25;2026-05-03;SADA-168;12.9;LAS CAVERNAS;4;4;0;0;0;6;1;0;0;0;0;0;0;0;0;0;0;4;0;0;0;0;8;SINTETICO
196313;;E;N;D;C30553613147;;2026-03-19;2026-03-23;SAI-363;32.04;BASE SAI;1;1;0;0;0;4;1;0;2;0;0;0;0;1;0;0;0;5;0;0;0;0;4;SINTETICO
196314;;E;N;D;C30697295883;C30546689979;2025-11-08;2025-11-16;HP-219;214.67;LAJE;1;1;1;0;0;43;11;0;2;5;0;0;5;3;0;0;1;26;2;0;0;0;8;SINTETICO
196315;196316;S;N;D;C30670239418;C30546689979;2026-07-04;2026-07-18;HP-213;35.67;LESC;2;;0;0;0;4;1;0;0;0;0;0;0;0;0;0;0;1;0;0;0;0;14;SINTETICO
196317;;E;N;D;C33690244239;C30592665472;2026-12-16;2027-01-09;F-36;50.12;FORTIN DE PIEDRA;4;4;0;0;0;12;3;0;2;9;1;0;3;4;0;1;0;1;2;0;0;1;24;SINTETICO
196318;;E;S;D;;;2026-06-24;2026-07-27;HP-229;235.61;LAJE;1;1;2;0;0;33;9;0;1;7;0;0;14;5;1;0;1;22;3;1;0;2;33;SINTETICO
196319;196320;E;N;D;C30670239418;C30546689979;2025-09-05;2025-09-10;MARBAR - D.BAYO;338.18;BASE NEUQUEN;8;0;0;0;0;7;3;0;2;0;0;0;0;2;0;0;0;3;0;0;0;0;5;SINTETICO
196321;196322;F;S;D;C30503610988;C30546689979;2026-09-06;2026-09-16;HASA-01;11.93;LOMA CAMPANA;;;0;0;0;9;6;0;0;0;0;0;0;0;0;0;0;4;0;0;0;0;10;SINTETICO
196323;;S;S;A;C30715110268;C30546689979;2026-01-03;2026-01-27;DLS-163;1.7;RIO NEUQUEN;8;9;2;0;0;6;3;0;8;5;0;0;4;4;0;1;1;4;3;0;0;1;24;SINTETICO
196324;196325;S;S;A;C33690244239;C30546689979;2026-02-12;2026-03-14;F-07;37.67;LAS CAVERNAS;3;3;5;0;0;16;4;0;3;11;2;0;4;5;0;1;0;6;2;0;0;2;30;SINTETICO
196326;;E;N;D;C33690244239;C30592665472;2027-01-03;2027-01-27;F-36;62.1;FORTIN DE PIEDRA;4;3;0;0;0;10;3;0;2;10;1;0;2;5;0;1;0;2;2;0;0;1;24;SINTETICO
196327;196328;S;N;D;C30670239418;C30592665472;2026-07-12;2026-07-16;MARBAR F-36;0.97;FORTIN DE PIEDRA;3;3;0;0;0;1;0;0;1;0;0;0;0;1;0;0;0;1;1;0;0;0;4;SINTETICO
196329;196330;S;N;A;;;2025-07-20;2025-08-19;F-34;16.27;BAJADA DEL PALO OESTE;4;4;0;0;0;5;1;0;0;0;0;0;0;0;0;0;0;5;0;0;0;0;30;SINTETICO
196331;196332;S;S;D;C30715340026;C30546689979;2026-08-22;2026-08-31;SADA-167;28.6;LOMA CAMPANA;3;;;;;;;;;;;;;;;;;;;;;;9;SINTETICO
196333;;S;N;A;;;2025-10-19;2025-11-20;F-34;16.94;BAJADA DEL PALO OESTE;5;4;0;0;0;7;1;0;0;0;0;0;0;0;0;0;0;7;0;0;0;0;32;SINTETICO
196334;;E;N;D;C30715110268;C30546689979;2025-12-29;2026-02-03;DLS-175;1.1;ENTRE LAGOS;;;0;0;0;37;5;1;0;0;0;0;0;0;0;0;0;13;0;0;0;0;36;SINTETICO
196335;;S;N;D;;;2026-02-16;2026-03-08;ENG-768;5.04;Rincon de Aranda;5;3;0;0;0;10;1;0;1;0;0;0;0;0;0;0;1;6;0;0;0;0;20;SINTETICO
196336;196337;E;S;A;C30715340026;C30546689979;2026-11-21;2026-12-01;SADA (DLS-167);55.1;LOMA CAMPANA;5;4;0;0;0;5;5;0;2;0;0;0;1;2;0;0;0;2;2;0;0;0;10;SINTETICO
196338;;S;N;A;;;2026-02-04;2026-03-11;F-34;16.47;BAJADA DEL PALO OESTE;5;4;0;0;0;8;1;0;0;0;0;0;0;0;0;0;0;8;0;0;0;0;35;SINTETICO
196339;;E;S;D;;C30546689979;2027-01-07;2027-03-08;NABORS- M1211;35.38;LOMA CAMPANA;3;;0;0;0;17;6;0;3;5;1;0;1;9;0;0;0;10;2;0;0;0;60;SINTETICO
196340;196341;S;S;A;C30697295883;C30546689979;2026-05-15;2026-06-08;HP-229;16.31;ENTRE LAGOS;4;4;3;0;0;11;2;0;3;0;0;0;4;2;0;1;0;5;3;0;0;1;24;SINTETICO
196342;196343;E;N;D;C33690244239;C30710346409;2025-09-30;2025-10-20;F-10;113.58;AGUADA PICHANA;7;9;0;0;0;15;6;0;0;0;0;0;0;0;0;0;0;10;0;0;0;0;20;SINTETICO
196344;196345;S;S;A;C30715110268;C30546689979;2025-10-20;2025-11-08;DLS-168;28.38;LAS CAVERNAS;2;3;0;0;0;12;3;0;1;0;0;0;0;0;0;0;0;6;0;0;0;0;19;SINTETICO
196346;196347;S;S;D;C30715340026;C30546689979;2026-09-07;2026-09-14;SADA-167;32.94;LOMA CAMPANA;3;;;;;;;;;;;;;;;;;;;;;;7;SINTETICO
196348;196349;S;S;D;C30715340026;C30546689979;2025-12-16;2025-12-23;SADA-167;37.7;LOMA CAMPANA;3;;;;;;;;;;;;;;;;;;;;;;7;SINTETICO
196350;196351;S;S;A;C30715110268;C30546689979;2026-04-24;2026-05-13;DLS-169;26.58;LA AMARGA CHICA;4;3;0;0;0;22;4;0;7;5;0;0;2;4;0;2;1;13;2;0;0;2;19;SINTETICO
196352;;E;N;D;C33616008639;C30569719344;2025-12-11;2025-12-23;NOV-F-10;89.01;LOMA JARILLOSA;1;1;0;0;0;4;2;0;1;0;0;0;0;2;0;0;0;1;1;0;0;0;12;SINTETICO
196353;196354;S;S;A;C30715110268;C30546689979;2026-04-11;2026-04-28;DLS-166;8.85;LAJE;3;5;0;0;0;1;0;0;2;4;0;0;0;2;0;0;0;0;1;0;0;2;17;SINTETICO
196355;196356;E;N;D;C30715110268;C30546689979;2026-01-27;2026-02-28;DLS-175;1.09;ENTRE LAGOS;;;0;0;0;34;6;1;0;0;0;0;0;0;0;0;0;9;0;0;0;0;32;SINTETICO
196357;;S;S;D;C30715340026;C30546689979;2026-07-15;2026-07-25;SADA-167;32.07;LOMA CAMPANA;2;;;;;;;;;;;;;;;;;;;;;;10;SINTETICO
196358;;E;N;A;C30685218190;C30546689979;2026-09-19;2026-10-11;SNB-01;146.23;LOMA LA LATA;1;1;0;0;0;17;6;0;0;0;0;0;1;2;0;0;0;3;0;0;0;0;22;SINTETICO
196359;196360;S;N;D;C30685218190;C30546689979;2025-12-02;2025-12-07;SNB-01;27.13;LOMA CAMPANA;;;0;0;0;9;2;0;0;0;0;0;0;0;0;0;0;5;0;0;0;0;5;SINTETICO
196361;;S;N;D;C30685218190;C30546689979;2026-01-21;2026-01-26;SNB-01;26.0;LOMA CAMPANA;;;0;0;0;8;3;0;0;0;0;0;0;0;0;0;0;3;0;0;0;0;5;SINTETICO
196362;196363;S;N;A;C30697295883;C30526552659;2026-05-18;2026-06-02;HP-211;6.13;RINCON DE ARANDA;;;0;0;0;8;3;0;1;0;0;0;0;0;0;0;0;8;0;0;0;0;15;SINTETICO
196364;;S;S;D;C30715340026;C30546689979;2026-02-02;2026-02-11;SADA-167;35.12;LOMA CAMPANA;2;;;;;;;;;;;;;;;;;;;;;;9;SINTETICO
196365;;S;N;D;C33690244239;C30642555274;2026-06-29;2026-08-12;F-10;83.6;AGUADA PICHANA ;2;2;1;0;0;17;3;0;2;10;1;0;8;4;0;1;1;22;2;0;0;0;44;SINTETICO
196366;196367;E;N;D;C30670239418;C30592665472;2026-03-18;2026-03-23;MARBAR F-36;26.0;FDP;4;0;0;0;0;8;3;0;0;0;0;0;0;0;0;0;0;2;0;0;0;0;5;SINTETICO
196368;196369;S;S;A;C33690244239;C30546689979;2026-02-01;2026-03-03;F-07;29.48;LAS CAVERNAS;3;3;2;0;0;18;3;0;4;7;2;0;3;4;0;1;0;6;2;0;0;2;30;SINTETICO
196370;;S;S;A;C33690244239;C30546689979;2026-08-24;2026-09-06;N-990;14.18;LA AMARGA CHICA;4;5;0;0;0;9;2;0;3;1;1;0;2;5;0;0;0;10;2;1;0;0;13;SINTETICO
196371;;E;N;D;;;2025-08-05;2025-08-28;HP-210;135.87;Rincon de Aranda;1;1;0;0;0;20;6;0;0;0;0;0;0;0;0;0;1;10;0;0;0;0;23;SINTETICO
196372;196373;E;N;D;C30685218190;C30546689979;2026-05-08;2026-05-13;SNB-01;185.84;LOMA LA LATA;1;1;0;0;0;13;3;0;0;0;0;0;0;0;0;0;0;9;0;0;0;0;5;SINTETICO
196374;196375;S;N;A;C30553613147;C30678224010;2026-04-25;2026-06-14;PLUS-02;29.31;LA CALERA;2;1;0;0;0;13;2;0;4;6;0;2;2;2;0;1;1;5;1;0;0;5;50;SINTETICO
196376;;F;S;;C30503610988;C30546689979;2026-12-05;2026-12-11;SET-04;7.52;BASE ;6;;0;0;0;6;3;0;0;0;0;0;0;0;0;0;0;0;0;0;0;0;6;SINTETICO
196377;;E;N;A;C30685218190;C30546689979;2026-03-13;2026-04-03;SNB-01;181.99;LOMA LA LATA;1;1;0;0;0;15;6;0;0;0;0;0;1;2;0;0;0;4;0;0;0;0;21;SINTETICO
196378;;S;N;D;C33690244239;C33515950899;2026-02-01;2026-03-03;F-24;22.5;BAJO DEL PALO ESTE;4;4;0;0;0;12;2;0;0;0;0;0;0;0;0;0;0;9;0;0;0;0;30;SINTETICO
196379;196380;S;S;A;C30715110268;C30546689979;2026-06-10;2026-06-28;DLS-166;10.5;LAJE;4;5;0;0;0;1;0;0;3;4;0;0;0;2;0;0;0;0;1;0;0;1;18;SINTETICO
196381;196382;S;N;D;C30715340026;C30546689979;2026-09-25;2026-10-01;SADA DLS-166;9.61;LAJE;5;6;0;0;0;2;0;0;0;0;0;0;0;1;0;0;0;0;0;0;0;0;6;SINTETICO
196383;196384;S;S;D;C30697295883;C30546689979;2026-03-07;2026-03-20;HP-229;26.5;BAJO DEL TORO;5;3;0;0;0;11;1;0;0;0;0;0;0;0;0;0;0;9;0;0;0;0;13;SINTETICO
196385;196386;E;N;D;C33718575759;C30718030478;2026-01-17;2026-02-04;PRC-01;308.35;LOMA DE LA MINA;1;1;0;0;0;15;2;0;0;0;0;0;0;0;0;0;0;13;0;0;0;0;18;SINTETICO
196387;196388;E;S;A;C33690244239;C30546689979;2027-01-17;2027-01-30;F-03;45.03;LAS CAVERNAS;3;3;0;0;0;17;5;0;4;9;1;0;0;6;0;1;0;12;2;0;0;5;13;SINTETICO
196389;;E;N;A;C30715110268;;2026-04-20;2026-04-28;DLS-165;0.13;COIRON AMARGO SUR ESTE;0;0;0;0;0;1;0;0;2;5;0;0;3;1;1;0;1;0;1;0;0;0;8;SINTETICO
196390;;E;S;D;;;2026-04-04;2026-05-03;HP-229;230.53;LAJE;1;1;3;0;0;36;8;0;2;7;0;0;16;5;1;0;1;25;3;1;0;2;29;SINTETICO
196391;196392;E;N;D;C30553613147;;2026-08-18;2026-08-22;SAI-363;30.53;BASE SAI;1;1;0;0;0;4;1;0;3;0;0;0;0;1;0;0;0;4;0;0;0;0;4;SINTETICO
196393;196394;S;N;D;C33690244239;C30592665472;2025-06-02;2025-06-25;F-36;22.71;FORTIN DE PIEDRA;5;4;0;0;0;13;1;0;1;0;0;0;0;0;0;0;0;14;0;0;0;0;23;SINTETICO
196395;196396;S;N;A;C30697295883;C30526552659;2026-04-09;2026-04-24;HP-211;5.45;RINCON DE ARANDA;;;0;0;0;10;3;0;1;0;0;0;0;0;0;0;0;8;0;0;0;0;15;SINTETICO
196397;;S;N;D;C30697295883;C30592665472;2026-09-05;2026-09-22;HP-213;20.88;BAJO DEL TORO;4;6;1;0;0;14;3;0;3;7;0;0;1;2;0;0;0;12;1;0;0;2;17;SINTETICO
196398;;S;S;A;C30715110268;C30546689979;2026-06-21;2026-07-12;DLS-166;8.6;LAJE;4;5;0;0;0;8;1;0;5;0;0;0;0;1;0;1;0;10;2;0;0;0;21;SINTETICO
196399;196400;S;S;D;C30715340026;C30546689979;2026-06-16;2026-06-25;SADA-167;30.19;LOMA CAMPANA;4;;;;;;;;;;;;;;;;;;;;;;9;SINTETICO
196401;;S;N;A;C30670239418;C30592665472;2025-12-20;2025-12-24;MARBAR-213;172.33;LOS TOLDOS;1;1;0;0;0;7;2;0;2;0;0;0;0;2;0;0;0;6;0;0;0;0;4;SINTETICO
196402;;E;N;A;C30715110268;;2025-11-28;2025-12-06;DLS-165;0.13;COIRON AMARGO SUR ESTE;0;0;0;0;0;1;0;0;2;4;0;0;2;1;1;0;1;0;1;0;0;0;8;SINTETICO
196403;;S;N;A;C30697295883;C30710346409;2025-11-28;2025-12-18;HP-230;19.61;MATA MORA;4;4;0;0;0;13;5;0;1;0;0;0;0;0;0;0;1;11;0;0;0;0;20;SINTETICO
196404;196405;E;N;D;C30715110268;C30695542476;2026-01-27;2026-03-02;DLS-165;133.19;CASE;1;1;0;1;0;21;3;0;0;0;0;0;0;0;0;0;0;21;0;0;0;0;34;SINTETICO
196406;196407;F;S;;C30503610988;C30546689979;2026-03-24;2026-03-30;SET-04;7.46;BASE ;5;;0;0;0;6;3;0;0;0;0;0;0;0;0;0;0;0;0;0;0;0;6;SINTETICO
196408;;S;N;A;C30670239418;C30592665472;2026-08-10;2026-08-15;MARBAR-213;166.43;LOS TOLDOS;1;1;0;0;0;7;2;0;2;0;0;0;0;2;0;0;0;3;0;0;0;0;5;SINTETICO
196409;196410;E;N;D;;;2026-03-06;2026-03-27;PAE-01;145.33;COIRON AMARGO SUR ESTE;1;1;0;0;0;16;3;0;0;0;0;0;0;0;0;0;0;14;0;0;0;0;21;SINTETICO
196411;;E;N;D;C30715340026;C30546689979;2025-11-15;2025-11-23;SADA-167;114.85;LC;6;0;0;0;0;6;5;0;0;0;0;0;0;1;0;0;0;3;1;0;0;0;8;SINTETICO
196412;196413;E;N;D;C33616008639;C30569719344;2026-01-13;2026-01-26;NOV-F-10;78.93;LOMA JARILLOSA;1;1;0;0;0;3;2;0;1;0;0;0;0;2;0;0;0;1;1;0;0;0;13;SINTETICO
196414;196415;S;N;A;C30697295883;C30710346409;2025-12-07;2025-12-29;HP-230;22.81;MATA MORA;3;4;0;0;0;11;3;0;1;0;0;0;0;0;0;0;1;13;0;0;0;0;22;SINTETICO
196416;196417;S;N;A;C30697295883;C30526552659;2026-02-28;2026-03-21;HP-211;2.1;RINCON DE ARANDA;5;;0;0;0;7;2;0;5;5;0;0;5;2;0;1;0;3;2;0;0;1;21;SINTETICO
196418;196419;E;S;D;C30715110268;C30546689979;2026-06-17;2026-07-24;DLS-163;367.71;AGUAS NEGRAS;1;1;0;0;0;14;2;0;1;0;0;0;0;1;0;0;0;5;0;0;0;0;37;SINTETICO
196420;;S;N;D;C30685218190;C30546689979;2025-05-23;2025-06-12;SNB-01;27.78;PIA;7;7;0;0;0;10;0;0;0;0;0;0;0;0;0;0;0;0;0;0;0;0;20;SINTETICO
196421;196422;S;N;D;C33690244239;C33515950899;2026-07-13;2026-08-25;F-24;29.95;BAJADA DEL PALO ESTE;4;4;1;0;0;10;1;0;3;6;1;0;3;5;0;0;0;9;2;0;0;3;43;SINTETICO
196423;;F;S;;C30503610988;C30546689979;2026-11-16;2026-11-27;SET-02;18.26;LAA;4;;0;0;1;17;6;0;0;0;0;0;0;0;0;0;0;4;0;0;0;0;11;SINTETICO
196424;196425;E;N;D;;;2025-06-03;2025-06-16;SAI-652;92.87;AÑELO;2;1;0;0;0;0;0;0;0;0;0;0;0;0;0;0;0;0;0;0;0;0;13;SINTETICO
196426;196427;S;N;D;C30697295883;C30592665472;2026-07-06;2026-07-23;HP-213;22.87;BAJO DEL TORO;4;4;1;0;0;13;3;0;3;6;0;0;1;2;0;0;0;17;2;0;0;3;17;SINTETICO
196428;;S;N;A;;;2025-05-22;2025-07-05;PLUS-03;22.03;LA CALERA;20;23;0;0;0;6;1;0;1;1;0;0;0;0;0;0;0;5;0;0;0;0;44;SINTETICO
196429;;S;S;D;C30697295883;C30546689979;2025-10-06;2025-10-16;HP-229;26.7;BAJO DEL TORO;3;3;0;0;0;10;1;0;0;0;0;0;0;0;0;0;0;9;0;0;0;0;10;SINTETICO
196430;196431;E;N;D;C30715340026;C30546689979;2026-03-10;2026-03-18;SADA-167;130.29;LC;6;0;0;0;0;8;6;0;0;0;0;0;0;1;0;0;0;2;1;0;0;0;8;SINTETICO
196432;196433;E;N;D;C30697295883;C30546689979;2026-05-30;2026-06-08;HP-219;204.79;LAJE;1;1;1;0;0;27;11;0;2;5;0;0;8;3;0;0;1;22;2;0;0;0;9;SINTETICO
196434;;E;S;A;C33690244239;C30546689979;2025-11-14;2025-12-10;F-07;24.74;LA CAVERNA;4;3;0;0;0;12;3;0;1;0;0;0;0;0;0;0;0;11;0;0;0;0;26;SINTETICO
196435;196436;S;N;D;C33690244239;C33515950899;2025-09-02;2025-10-03;F-24;21.2;BAJO DEL PALO ESTE;4;3;0;0;0;11;2;0;0;0;0;0;0;0;0;0;0;10;0;0;0;0;31;SINTETICO
196437;196438;E;N;D;C30715340026;C30546689979;2026-02-21;2026-02-26;SADA-166;91.91;PARQUE INDUSTRIAL NEUQUEN;;;0;0;0;7;2;0;0;0;0;0;0;0;0;0;0;5;0;0;0;0;5;SINTETICO
196439;196440;E;N;D;C30553613147;C30678224010;2025-12-26;2026-01-01;SAI-652;17.34;BAJO DEL CHOIQUE;2;1;0;0;0;5;0;0;2;0;0;0;0;0;0;0;0;4;1;0;0;0;6;SINTETICO
196441;196442;E;N;D;C30715110268;C30695542476;2025-05-06;2025-05-30;DLS-170;55.37;AÑELO;3;3;0;0;0;14;5;0;0;0;0;0;0;1;0;0;0;14;0;0;0;0;24;SINTETICO
196443;196444;E;S;A;C30715340026;C30546689979;2026-03-28;2026-04-07;SADA (DLS-167);52.31;LOMA CAMPANA;4;4;0;0;0;5;5;0;2;0;0;0;1;2;0;0;0;2;2;0;0;0;10;SINTETICO
196445;196446;E;S;D;;C30546689979;2027-01-01;2027-03-03;NABORS- M1211;35.83;LOMA CAMPANA;2;;0;0;0;10;5;0;3;5;1;0;1;7;0;0;0;10;2;0;0;0;61;SINTETICO
196447;;E;N;D;C30692298426;C30526552659;2026-07-23;2026-09-11;ENG-768;105.89;SiERRA CHATA;1;1;3;0;0;20;3;0;2;7;1;0;9;4;2;0;0;16;2;0;0;2;50;SINTETICO
196448;;E;N;A;C30685218190;C30546689979;2026-06-10;2026-07-03;SNB-01;174.26;LOMA LA LATA;1;1;0;0;0;13;5;0;0;0;0;0;1;2;0;0;0;4;0;0;0;0;23;SINTETICO
196449;196450;S;N;D;C33690244239;C33515950899;2025-12-02;2026-01-15;F-24;31.97;BAJADA DEL PALO ESTE;3;3;1;0;0;11;1;0;3;7;1;0;4;8;0;0;0;5;2;0;0;2;44;SINTETICO
196451;196452;S;N;A;C30697295883;C30710346409;2025-09-24;2025-10-16;HP-230;21.3;MATA MORA;3;4;0;0;0;16;3;0;1;0;0;0;0;0;0;0;1;9;0;0;0;0;22;SINTETICO
196453;196454;S;S;A;C33690244239;C30592665472;2025-12-31;2026-02-03;F-36;0.97;FORTIN DE PIEDRA;8;7;2;0;0;6;1;0;3;0;1;0;4;3;1;1;0;4;2;0;0;1;34;SINTETICO
196455;196456;S;N;A;C30553613147;C30678224010;2025-07-30;2025-08-17;SAI-652;4.93;BAJO DEL CHOIQUE;1;1;0;0;0;7;1;0;1;0;0;0;0;0;0;1;0;11;0;0;0;0;18;SINTETICO
196457;196458;E;N;D;C30670239418;C30592665472;2025-08-06;2025-08-10;MARBAR F-36;24.02;FDP;4;0;0;0;0;9;4;0;0;0;0;0;0;0;0;0;0;3;0;0;0;0;4;SINTETICO
196459;;E;N;D;C33616008639;C30569719344;2026-01-29;2026-02-09;NOV-F-10;79.18;LOMA JARILLOSA;1;1;0;0;0;2;2;0;1;0;0;0;0;2;0;0;0;1;1;0;0;0;11;SINTETICO
196460;196461;S;S;A;C30715110268;C30546689979;2025-06-29;2025-07-10;DLS-166;6.75;LAJE;6;4;0;0;0;13;3;0;2;0;0;0;0;1;0;0;0;10;0;0;0;0;11;SINTETICO
196462;;E;N;D;C30715110268;C30546689979;2026-09-10;2026-10-15;DLS-175;1.28;ENTRE LAGOS;;;0;0;0;28;4;1;0;0;0;0;0;0;0;0;0;10;0;0;0;0;35;SINTETICO
196463;;S;N;A;C30670239418;C30592665472;2026-05-11;2026-05-15;MARBAR-213;178.19;LOS TOLDOS;1;1;0;0;0;8;2;0;2;0;0;0;0;2;0;0;0;4;0;0;0;0;4;SINTETICO
196464;196465;S;N;D;C30692298426;C30695570933;2026-01-02;2026-01-31;ENG-771;18.9;CRUZ DE LORENA ;5;4;5;0;0;14;2;0;4;0;1;0;7;4;1;0;1;7;3;0;0;0;29;SINTETICO
196466;196467;S;N;D;C30670239418;C30546689979;2026-08-31;2026-09-13;HP-213;38.47;LESC;2;;0;0;0;4;1;0;0;0;0;0;0;0;0;0;0;2;0;0;0;0;13;SINTETICO
196468;196469;S;N;A;C30670239418;C30546689979;2026-11-19;2026-11-27;MARBAR DLS-166;10.12;LAJE;5;4;0;0;0;6;2;0;2;0;0;0;0;1;0;0;0;0;0;0;0;0;8;SINTETICO
196470;196471;E;S;D;C33690244239;C30546689979;2026-02-22;2026-03-19;F-35;50.36;LAJE;2;2;0;0;0;16;6;0;0;0;0;0;1;0;0;0;0;11;0;0;0;0;25;SINTETICO
196472;196473;S;N;A;C30697295883;C30526552659;2026-09-03;2026-09-30;HP-211;2.24;RINCON DE ARANDA;6;;0;0;0;7;2;0;4;6;0;0;5;2;0;1;0;3;2;0;0;1;27;SINTETICO
196474;196475;S;S;A;C30715110268;C30546689979;2026-11-01;2026-11-17;DLS-166;9.18;LAJE;5;5;0;0;0;1;0;0;2;4;0;0;0;2;0;0;0;0;1;0;0;2;16;SINTETICO
196476;;S;N;A;C30697295883;C30526552659;2026-01-24;2026-02-03;HP-211;4.63;RINCON DE ARANDA;;;0;0;0;8;2;0;1;0;0;0;0;0;0;0;0;7;0;0;0;0;10;SINTETICO
196477;;S;S;;C33690244239;C30546689979;2026-04-29;2026-06-02;F-07;21.67;LAS CAVERNAS;3;;2;0;0;19;4;0;4;14;1;0;3;5;0;1;0;11;1;0;0;2;34;SINTETICO
196478;196479;S;S;A;C30715110268;C30546689979;2026-04-19;2026-05-07;DLS-166;10.36;LAJE;4;5;0;0;0;9;1;0;5;0;0;0;0;3;0;1;0;8;2;0;0;0;18;SINTETICO
196480;;S;S;A;C30715110268;C30546689979;2026-09-11;2026-09-30;DLS-166;8.79;LAJE;5;5;0;0;0;7;1;0;4;0;0;0;0;2;0;1;0;8;2;0;0;0;19;SINTETICO
196481;196482;S;N;D;C33690244239;C33515950899;2025-06-20;2025-07-22;F-24;21.14;BAJO DEL PALO ESTE;4;3;0;0;0;10;2;0;0;0;0;0;0;0;0;0;0;8;0;0;0;0;32;SINTETICO
196483;196484;E;N;D;C30670239418;C30592665472;2025-11-04;2025-11-19;MARBAR F-36;15.84;FORTIN DE PIEDRA;3;3;0;0;0;3;1;0;1;0;0;0;1;1;0;0;0;3;2;0;0;0;15;SINTETICO
196485;196486;E;S;D;C33690244239;C30546689979;2026-01-12;2026-02-02;F-35;46.81;LAJE;2;2;0;0;0;19;5;0;0;0;0;0;1;0;0;0;0;10;0;0;0;0;21;SINTETICO
196487;;S;N;D;C30670239418;C30546689979;2026-10-20;2026-11-03;HP-213;39.15;LESC;2;;0;0;0;6;1;0;0;0;0;0;0;0;0;0;0;2;0;0;0;0;14;SINTETICO
196488;;S;S;A;C33690244239;C30546689979;2026-06-26;2026-07-23;F-07;31.9;LAS CAVERNAS;2;4;3;0;0;14;5;0;3;8;2;0;4;4;0;1;0;6;2;0;0;2;27;SINTETICO
196489;196490;S;N;D;C30670239418;C30546689979;2027-02-14;2027-02-26;HP-213;31.84;LESC;2;;0;0;0;5;1;0;0;0;0;0;0;0;0;0;0;2;0;0;0;0;12;SINTETICO
196491;196492;F;S;;C30503610988;C30546689979;2026-03-15;2026-03-30;SET-05;5.14;LAJE;6;;;;;;;;;;;;;;;;;;;;;;15;SINTETICO
196493;196494;S;N;D;C33690244239;C33515950899;2026-08-04;2026-09-23;F-24;33.32;BAJADA DEL PALO ESTE;5;5;1;0;0;10;1;0;3;6;1;0;3;6;0;0;0;5;3;0;0;2;50;SINTETICO
196495;;S;S;A;C33690244239;C30546689979;2026-02-27;2026-04-13;F-03;10.24;LAS CAVERNAS;7;11;5;0;0;12;2;0;2;8;1;0;1;4;0;1;0;14;2;0;0;1;45;SINTETICO
196496;196497;E;N;D;C30685218190;C30546689979;2025-11-04;2025-11-09;SNB-01;150.22;LOMA LA LATA;1;1;0;0;0;16;2;0;0;0;0;0;0;0;0;0;0;7;0;0;0;0;5;SINTETICO
196498;196499;S;S;;C30553613147;C30629827060;2026-01-27;2026-02-17;SAI-651;5.38;AGUADA DEL CAJON;;;1;0;0;9;2;0;3;0;0;0;4;3;0;1;0;5;2;0;0;1;21;SINTETICO
196500;;S;N;D;C30715340026;C30546689979;2026-06-05;2026-06-11;SADA DLS-166;7.84;LAJE;5;5;0;0;0;2;0;0;0;0;0;0;0;1;0;0;0;0;0;0;0;0;6;SINTETICO
196501;196502;E;N;D;C30685218190;C30546689979;2026-06-28;2026-07-06;SNB-01;137.65;BAJO DEL TORO;1;1;0;0;0;11;7;0;0;0;0;0;1;2;0;0;0;6;0;0;0;0;8;SINTETICO
196503;196504;S;N;A;C30553613147;C30678224010;2025-08-17;2025-09-08;SAI-652;5.42;BAJO DEL CHOIQUE;1;1;0;0;0;6;1;0;1;0;0;0;0;0;0;1;0;9;0;0;0;0;22;SINTETICO
196505;;S;S;A;C30715110268;C30546689979;2026-12-28;2027-01-14;DLS-166;8.13;LAJE;4;6;0;0;0;1;0;0;2;5;0;0;0;1;0;0;0;0;1;0;0;2;17;SINTETICO
196506;;S;N;D;C30670239418;C30592665472;2026-02-13;2026-02-18;MARBAR F-36;1.06;FORTIN DE PIEDRA;3;3;0;0;0;3;0;0;1;0;0;0;0;1;0;0;0;1;1;0;0;0;5;SINTETICO
196507;;E;N;A;C30685218190;C30546689979;2026-07-09;2026-07-31;SNB-01;184.74;LOMA LA LATA;1;1;0;0;0;16;5;0;0;0;0;0;1;2;0;0;0;5;0;0;0;0;22;SINTETICO
196508;;F;S;D;C30503610988;C30546689979;2026-11-21;2026-11-30;HASA-01;10.33;LOMA CAMPANA;;;0;0;0;11;5;0;0;0;0;0;0;0;0;0;0;4;0;0;0;0;9;SINTETICO
196509;196510;E;N;D;C30553613147;C30678224010;2026-03-28;2026-04-03;SAI-652;18.85;BAJO DEL CHOIQUE;2;1;0;0;0;7;0;0;2;0;0;0;0;0;0;0;0;5;1;0;0;0;6;SINTETICO
196511;196512;F;S;;C30503610988;C30546689979;2026-09-21;2026-10-01;SET-02;16.91;LAA;6;;0;0;1;16;4;0;0;0;0;0;0;0;0;0;0;7;0;0;0;0;10;SINTETICO
196513;196514;S;N;D;C30670239418;C30592665472;2026-10-01;2026-10-11;MARBAR F-15;10.44;LOS TOLDOS ESTE;5;5;0;0;0;2;0;0;2;0;0;0;0;1;0;0;0;0;1;0;0;0;10;SINTETICO
196515;196516;S;N;A;;;2025-05-23;2025-06-14;sai-652;7.42;BAJO DEL CHOIQUE;6;7;0;0;0;9;1;0;1;0;0;0;0;0;0;0;0;6;0;0;0;0;22;SINTETICO
196517;;E;N;D;C30715110268;C30695542476;2025-08-05;2025-09-03;DLS-165;141.19;CASE;1;1;0;1;0;21;3;0;0;0;0;0;0;0;0;0;0;14;0;0;0;0;29;SINTETICO
196518;;S;S;;C33690244239;C30546689979;2026-07-12;2026-08-14;F-07;21.87;LAS CAVERNAS;3;;2;0;0;15;4;0;3;16;1;0;3;7;0;1;0;10;3;0;0;4;33;SINTETICO
196519;196520;E;N;D;C30670239418;C30546689979;2025-10-22;2025-10-26;MARBAR 166;5.56;LAJE;7;;0;0;0;5;4;0;0;0;0;0;0;0;0;0;0;3;0;0;0;0;4;SINTETICO
196521;196522;S;N;D;C30685218190;C30546689979;2026-03-28;2026-04-19;SNB-01;26.81;PIA;7;6;0;0;0;13;0;0;0;0;0;0;0;0;0;0;0;0;0;0;0;0;22;SINTETICO
196523;196524;E;N;D;C33690244239;C30592665472;2026-07-17;2026-08-26;NB-991;118.74;PUESTO PARADA;1;1;0;0;0;23;4;0;2;4;1;0;1;7;0;0;0;14;4;0;0;0;40;SINTETICO
196525;196526;E;N;D;C30670239418;C30546689979;2025-12-27;2026-01-03;MARBAR-229;228.56;LAJE;1;1;0;0;0;6;2;0;2;0;0;0;1;2;0;0;0;4;0;0;0;0;7;SINTETICO
196527;;E;N;D;C30685218190;C30546689979;2026-04-24;2026-05-04;SNB-01;138.22;BAJO DEL TORO;1;1;0;0;0;11;6;0;0;0;0;0;1;2;0;0;0;8;0;0;0;0;10;SINTETICO
196528;196529;E;S;A;C33690244239;C30546689979;2026-01-30;2026-02-26;F-07;35.21;LA CAVERNA;4;3;0;0;0;15;3;0;1;0;0;0;0;0;0;0;0;12;0;0;0;0;27;SINTETICO
196530;;S;N;A;C30553613147;C30678224010;2026-02-06;2026-04-14;PLUS-02;28.04;LA CALERA;2;1;0;0;0;11;2;0;3;6;0;2;2;2;0;1;1;8;1;0;0;4;67;SINTETICO
196531;196532;E;N;D;C30715340026;C30546689979;2025-11-20;2025-11-27;SADA-167;118.24;LC;6;0;0;0;0;6;5;0;0;0;0;0;0;1;0;0;0;2;1;0;0;0;7;SINTETICO
196533;196534;E;N;D;C30553613147;C30678224010;2026-02-14;2026-02-20;SAI-652;17.02;BAJO DEL CHOIQUE;2;1;0;0;0;6;0;0;3;0;0;0;0;0;0;0;0;5;1;0;0;0;6;SINTETICO
196535;196536;S;S;A;C33690244239;C30546689979;2025-11-07;2025-12-02;F-07;26.82;LAS CAVERNAS;3;2;4;0;0;16;4;0;3;8;2;0;4;4;0;1;0;9;2;0;0;2;25;SINTETICO
196537;;S;N;A;C30670239418;C30592665472;2026-07-13;2026-07-17;MARBAR-213;197.04;LOS TOLDOS;1;1;0;0;0;7;2;0;2;0;0;0;0;3;0;0;0;4;0;0;0;0;4;SINTETICO
196538;196539;S;N;A;C30697295883;C30710346409;2025-10-01;2025-10-24;HP-230;17.66;MATA MORA;3;4;0;0;0;20;4;0;1;0;0;0;0;0;0;0;1;9;0;0;0;0;23;SINTETICO
196540;;S;N;D;C30670239418;C30592665472;2026-09-27;2026-10-07;MARBAR F-15;9.53;LOS TOLDOS ESTE;5;5;0;0;0;2;0;0;2;0;0;0;0;1;0;0;0;0;1;0;0;0;10;SINTETICO
196541;196542;S;S;A;C30715110268;C30546689979;2026-06-03;2026-06-19;DLS-166;9.28;LAJE;5;5;0;0;0;9;1;0;4;0;0;0;0;2;0;1;0;7;2;0;0;0;16;SINTETICO
196543;196544;S;N;D;C30715340026;C30546689979;2026-01-06;2026-01-12;SADA DLS-166;9.23;LAJE;4;5;0;0;0;3;0;0;0;0;0;0;0;1;0;0;0;0;0;0;0;0;6;SINTETICO
196545;;S;S;A;C30697295883;C30546689979;2026-06-10;2026-07-01;HP-229;14.13;ENTRE LAGOS;3;4;3;0;0;10;1;0;2;0;0;0;5;2;0;1;0;6;2;0;0;1;21;SINTETICO
196546;;S;N;D;C30715110268;C30695542476;2026-08-06;2026-08-26;DLS-165;144.74;APO;0;0;2;0;0;26;2;0;2;13;1;0;11;2;0;0;1;14;3;0;0;11;20;SINTETICO
196547;196548;F;S;;C30503610988;C30546689979;2026-03-07;2026-03-13;SET-04;7.17;BASE ;5;;0;0;0;7;4;0;0;0;0;0;0;0;0;0;0;0;0;0;0;0;6;SINTETICO
196549;;S;N;A;C30553613147;C30678224010;2026-03-25;2026-05-24;PLUS-02;30.14;LA CALERA;2;1;0;0;0;10;2;0;4;5;0;2;2;2;0;1;1;7;1;0;0;5;60;SINTETICO
196550;;E;N;D;C30692298426;C30526552659;2026-07-10;2026-08-17;ENG-768;121.63;SiERRA CHATA;1;1;3;0;0;16;2;0;2;8;1;0;8;4;2;0;0;19;2;0;0;2;38;SINTETICO
196551;196552;S;S;A;C33690244239;C30546689979;2025-10-25;2025-11-28;F-03;9.93;LAS CAVERNAS;8;7;4;0;0;10;2;0;3;9;1;0;1;4;0;1;0;9;2;0;0;1;34;SINTETICO
196553;;S;N;D;C30697295883;C30592665472;2026-09-29;2026-10-11;HP-213;21.93;BAJO DEL TORO;5;6;1;0;0;13;3;0;2;5;0;0;1;2;0;0;0;14;2;0;0;2;12;SINTETICO
196554;196555;E;N;D;C30670239418;C30592665472;2025-06-09;2025-06-13;MARBAR F-36;25.4;FDP;3;0;0;0;0;8;3;0;0;0;0;0;0;0;0;0;0;3;0;0;0;0;4;SINTETICO
196556;196557;S;N;A;C33690244239;C30592665472;2026-10-20;2026-11-13;F-26;11.08;LOS TOLDOS ESTE;6;4;1;0;0;10;1;0;3;14;1;0;2;4;0;1;0;5;2;0;0;1;24;SINTETICO
196558;196559;S;N;D;C30697295883;C30592665472;2026-06-03;2026-06-16;HP-213;23.01;BAJO DEL TORO;4;6;1;0;0;13;3;0;4;5;0;0;1;2;0;0;0;16;2;0;0;2;13;SINTETICO
196560;;E;S;A;C30715340026;C30546689979;2026-11-20;2026-12-01;SADA (DLS-167);47.99;LOMA CAMPANA;4;5;0;0;0;6;4;0;2;0;0;0;1;2;0;0;0;2;2;0;0;0;11;SINTETICO
196561;;F;S;;C30503610988;C30546689979;2026-08-28;2026-09-02;SET-04;6.59;BASE ;5;;0;0;0;7;3;0;0;0;0;0;0;0;0;0;0;0;0;0;0;0;5;SINTETICO
196562;;E;N;D;C30692298426;C30526552659;2026-05-09;2026-06-23;ENG-768;112.36;SiERRA CHATA;1;1;3;0;0;19;2;0;2;6;1;0;8;5;2;0;0;17;2;0;0;1;45;SINTETICO
196563;196564;S;N;D;C30715340026;C30546689979;2026-04-06;2026-04-14;SADA-168;12.9;LAS CAVERNAS;4;4;0;0;0;4;1;0;0;0;0;0;0;0;0;0;0;4;0;0;0;0;8;SINTETICO
196565;196566;S;N;D;C30715110268;C30695542476;2026-09-22;2026-10-08;DLS-165;130.02;APO;0;0;2;0;0;23;2;0;2;10;1;0;9;1;0;0;1;14;3;0;0;10;16;SINTETICO
196567;196568;S;N;D;C33690244239;C30592665472;2025-07-29;2025-08-21;F-36;25.84;FORTIN DE PIEDRA;5;4;0;0;0;12;1;0;1;0;0;0;0;0;0;0;0;14;0;0;0;0;23;SINTETICO
196569;;E;N;D;C30685218190;C30546689979;2026-03-27;2026-04-04;SNB-01;139.54;BAJO DEL TORO;1;1;0;0;0;12;7;0;0;0;0;0;1;2;0;0;0;9;0;0;0;0;8;SINTETICO
196570;196571;S;N;A;;;2026-01-05;2026-02-17;PLUS-03;19.09;LA CALERA;21;22;0;0;0;7;1;0;1;1;0;0;0;0;0;0;0;6;0;0;0;0;43;SINTETICO
196572;196573;F;S;D;C30503610988;C30546689979;2026-06-28;2026-07-07;HASA-01;10.31;LOMA CAMPANA;;;0;0;0;9;4;0;0;0;0;0;0;0;0;0;0;4;0;0;0;0;9;SINTETICO
196574;;E;N;D;C30715110268;C30695542476;2026-03-21;2026-04-16;DLS-170;53.08;AÑELO;4;3;0;0;0;9;5;0;0;0;0;0;0;1;0;0;0;12;0;0;0;0;26;SINTETICO
196575;196576;S;S;;C33690244239;C30546689979;2026-02-15;2026-03-21;F-07;20.83;LAS CAVERNAS;4;;2;0;0;19;5;0;3;12;1;0;3;6;0;1;0;9;3;0;0;3;34;SINTETICO
196577;;S;N;A;C30697295883;C30526552659;2026-05-18;2026-06-01;HP-211;5.32;RINCON DE ARANDA;;;0;0;0;6;3;0;1;0;0;0;0;0;0;0;0;7;0;0;0;0;14;SINTETICO
196578;196579;E;S;D;;C30546689979;2026-11-15;2027-01-16;NABORS- M1211;31.73;LOMA CAMPANA;2;;0;0;0;15;7;0;3;4;1;0;1;7;0;0;0;9;2;0;0;0;62;SINTETICO
196580;196581;E;N;D;C30692298426;C30526552659;2026-08-23;2026-10-12;ENG-768;109.7;SiERRA CHATA;1;1;4;0;0;21;3;0;2;8;1;0;9;4;1;0;0;16;2;0;0;2;50;SINTETICO
196582;196583;S;S;D;C30715340026;C30546689979;2026-05-06;2026-05-16;SADA-167;28.84;LOMA CAMPANA;3;;;;;;;;;;;;;;;;;;;;;;10;SINTETICO
196584;196585;E;N;D;C30685218190;C30546689979;2026-10-25;2026-11-03;SNB-01;131.54;BAJO DEL TORO;1;1;0;0;0;10;6;0;0;0;0;0;1;2;0;0;0;5;0;0;0;0;9;SINTETICO
196586;196587;E;N;D;C30670239418;C30592665472;2026-01-03;2026-01-15;MARBAR F-36;13.59;FORTIN DE PIEDRA;2;3;0;0;0;4;1;0;1;0;0;0;1;1;0;0;0;3;2;0;0;0;12;SINTETICO
196588;;E;N;D;C30685218190;C30546689979;2025-11-12;2025-11-17;SNB-01;158.22;LOMA LA LATA;1;1;0;0;0;14;2;0;0;0;0;0;0;0;0;0;0;9;0;0;0;0;5;SINTETICO
196589;;E;N;D;C30553613147;C30678224010;2025-08-19;2025-08-26;SAI-652;19.78;BAJO DEL CHOIQUE;2;1;0;0;0;5;0;0;2;0;0;0;0;0;0;0;0;5;1;0;0;0;7;SINTETICO
196590;196591;S;S;D;C30715340026;C30546689979;2026-07-31;2026-08-09;SADA-167;31.28;LOMA CAMPANA;2;;;;;;;;;;;;;;;;;;;;;;9;SINTETICO
196592;196593;E;N;A;C33690244239;C30569719344;2026-02-21;2026-04-04;F-10;87.68;LOMA JARILLOSA;1;1;3;0;0;19;4;0;2;10;1;0;4;6;0;0;0;17;3;0;0;2;42;SINTETICO
196594;196595;E;N;D;C30685218190;C30546689979;2026-07-21;2026-07-27;SNB-01;162.48;LOMA LA LATA;1;1;0;0;0;12;2;0;0;0;0;0;0;0;0;0;0;7;0;0;0;0;6;SINTETICO
196596;196597;E;N;A;C30715110268;;2026-01-02;2026-01-09;DLS-165;0.13;COIRON AMARGO SUR ESTE;0;0;0;0;0;1;0;0;2;5;0;0;4;1;1;0;1;0;1;0;0;0;7;SINTETICO
196598;;F;S;D;C30503610988;C30546689979;2026-04-27;2026-05-07;HASA-01;9.74;LOMA CAMPANA;;;0;0;0;10;6;0;0;0;0;0;0;0;0;0;0;4;0;0;0;0;10;SINTETICO
196599;196600;E;N;D;;;2025-08-31;2025-09-22;HP-210;132.62;Rincon de Aranda;1;1;0;0;0;19;7;0;0;0;0;0;0;0;0;0;1;10;0;0;0;0;22;SINTETICO
196601;196602;E;N;D;C30715340026;C30546689979;2026-01-15;2026-01-19;SADA-166;104.54;PARQUE INDUSTRIAL NEUQUEN;;;0;0;0;9;1;0;0;0;0;0;0;0;0;0;0;4;0;0;0;0;4;SINTETICO
196603;196604;E;N;D;C30670239418;C30592665472;2025-08-02;2025-08-06;MARBAR F-36;22.4;FDP;4;0;0;0;0;7;2;0;0;0;0;0;0;0;0;0;0;3;0;0;0;0;4;SINTETICO
196605;196606;S;N;A;C30697295883;C30526552659;2026-10-30;2026-11-28;HP-211;2.08;RINCON DE ARANDA;5;;0;0;0;5;2;0;3;5;0;0;4;2;0;1;0;3;2;0;0;1;29;SINTETICO
196607;;E;N;D;C33690244239;C30592665472;2026-02-23;2026-04-02;NB-991;111.37;PUESTO PARADA;1;1;0;0;0;18;6;0;2;4;1;0;1;7;0;0;0;17;3;0;0;0;38;SINTETICO
196608;;S;S;A;C30715110268;C30546689979;2026-10-17;2026-11-05;DLS-166;8.84;LAJE;5;5;0;0;0;8;1;0;4;0;0;0;0;2;0;1;0;7;2;0;0;0;19;SINTETICO
196609;196610;E;N;D;C33616008639;C30569719344;2026-07-14;2026-07-28;NOV-F-10;79.82;LOMA JARILLOSA;1;1;0;0;0;3;2;0;1;0;0;0;0;2;0;0;0;1;1;0;0;0;14;SINTETICO
196611;196612;E;S;A;C33690244239;C30546689979;2026-02-20;2026-03-22;F-07;32.97;LA CAVERNA;3;3;0;0;0;14;3;0;1;0;0;0;0;0;0;0;0;12;0;0;0;0;30;SINTETICO
196613;;E;N;D;C30670239418;C30546689979;2026-06-09;2026-06-16;MARBAR-229;261.19;LAJE;1;1;0;0;0;7;2;0;2;0;0;0;1;2;0;0;0;5;0;0;0;0;7;SINTETICO
196614;196615;S;S;D;C30697295883;C30546689979;2025-09-20;2025-10-03;HP-229;31.58;BAJO DEL TORO;4;5;0;0;0;9;1;0;0;0;0;0;0;0;0;0;0;11;0;0;0;0;13;SINTETICO
196616;196617;E;N;D;C30670239418;C30592665472;2025-12-06;2025-12-09;MARBAR F-36;25.02;FDP;4;0;0;0;0;6;3;0;0;0;0;0;0;0;0;0;0;3;0;0;0;0;3;SINTETICO
196618;196619;E;N;D;C30685218190;C30546689979;2026-01-03;2026-01-13;SNB-01;119.71;BAJO DEL TORO;1;1;0;0;0;17;5;0;0;0;0;0;1;2;0;0;0;7;0;0;0;0;10;SINTETICO
196620;;E;N;D;C30670239418;C30546689979;2026-05-19;2026-05-23;MARBAR - D.BAYO;354.96;BASE NEUQUEN;6;0;0;0;0;5;3;0;2;0;0;0;0;2;0;0;0;3;0;0;0;0;4;SINTETICO
196621;196622;E;N;D;;;2025-06-30;2025-07-24;PAE-01;145.31;COIRON AMARGO SUR ESTE;1;1;0;0;0;17;3;0;0;0;0;0;0;0;0;0;0;12;0;0;0;0;24;SINTETICO
196623;196624;E;N;D;C30670239418;C30546689979;2025-10-10;2025-10-14;MARBAR 166;5.61;LAJE;6;;0;0;0;6;3;0;0;0;0;0;0;0;0;0;0;4;0;0;0;0;4;SINTETICO
196625;;S;N;A;C30697295883;C30526552659;2026-08-24;2026-09-05;HP-211;5.23;RINCON DE ARANDA;;;0;0;0;6;3;0;1;0;0;0;0;0;0;0;0;6;0;0;0;0;12;SINTETICO
196626;196627;F;S;;C30503610988;C30546689979;2026-11-27;2026-12-11;SET-05;5.66;LAJE;4;;;;;;;;;;;;;;;;;;;;;;14;SINTETICO
196628;196629;S;N;A;C30697295883;C30526552659;2025-12-21;2026-01-17;HP-211;2.33;RINCON DE ARANDA;6;;0;0;0;8;2;0;4;7;0;0;4;2;0;1;0;2;2;0;0;1;27;SINTETICO
196630;;E;N;A;C30685218190;C30546689979;2026-03-06;2026-03-27;SNB-01;150.51;LOMA LA LATA;1;1;0;0;0;16;7;0;0;0;0;0;1;2;0;0;0;4;0;0;0;0;21;SINTETICO
196631;196632;S;N;D;C30670239418;C30592665472;2026-04-26;2026-05-01;MARBAR F-36;0.87;FORTIN DE PIEDRA;3;2;0;0;0;3;0;0;1;0;0;0;0;1;0;0;0;1;1;0;0;0;5;SINTETICO
196633;196634;E;N;D;C30715340026;C30546689979;2025-12-15;2025-12-20;SADA-166;95.67;PARQUE INDUSTRIAL NEUQUEN;;;0;0;0;9;2;0;0;0;0;0;0;0;0;0;0;4;0;0;0;0;5;SINTETICO
196635;196636;S;N;D;;;2025-09-10;2025-09-29;ENG-768;5.59;Rincon de Aranda;4;4;0;0;0;10;1;0;1;0;0;0;0;0;0;0;1;7;0;0;0;0;19;SINTETICO
196637;196638;F;S;;C30503610988;C30546689979;2026-06-08;2026-06-17;SET-02;17.33;LAA;5;;0;0;1;21;6;0;0;0;0;0;0;0;0;0;0;4;0;0;0;0;9;SINTETICO
196639;;E;N;D;;;2026-03-16;2026-04-12;HP-210;122.29;Rincon de Aranda;1;1;0;0;0;24;5;0;0;0;0;0;0;0;0;0;1;10;0;0;0;0;27;SINTETICO
196640;;S;N;A;C30692298426;C30526552659;2026-04-05;2026-05-26;ENG-768;11.58;RINCON DE ARANDA;4;5;0;0;0;9;2;0;3;0;0;0;0;4;0;0;0;7;2;0;0;0;51;SINTETICO
196641;196642;E;N;A;C30697295883;C30523479241;2025-12-01;2025-12-12;HP-447;0.1;EL TRAPIAL;0;0;0;0;0;3;0;0;1;0;0;0;0;2;0;0;0;3;2;0;0;0;11;SINTETICO
196643;196644;E;S;A;C30715340026;C30546689979;2026-07-25;2026-08-04;SADA (DLS-167);48.8;LOMA CAMPANA;4;5;0;0;0;5;4;0;2;0;0;0;1;2;0;0;0;2;2;0;0;0;10;SINTETICO
196645;;S;N;D;C33690244239;C33515950899;2025-04-09;2025-05-08;F-24;22.17;BAJO DEL PALO ESTE;4;3;0;0;0;11;1;0;0;0;0;0;0;0;0;0;0;8;0;0;0;0;29;SINTETICO
196646;196647;E;N;D;C30553613147;C30678224010;2026-05-05;2026-05-11;SAI-652;19.66;BAJO DEL CHOIQUE;2;1;0;0;0;5;0;0;2;0;0;0;0;0;0;0;0;4;1;0;0;0;6;SINTETICO
196648;196649;S;S;A;C33690244239;C30592665472;2026-09-22;2026-10-27;F-36;1.05;FORTIN DE PIEDRA;7;6;3;0;0;8;1;0;3;0;1;0;5;3;1;1;0;4;2;0;0;1;35;SINTETICO
196650;;S;N;D;C33690244239;C33515950899;2025-10-06;2025-11-05;F-24;18.36;BAJO DEL PALO ESTE;4;2;0;0;0;9;2;0;0;0;0;0;0;0;0;0;0;9;0;0;0;0;30;SINTETICO
196651;196652;E;N;D;C30553613147;;2025-11-05;2025-11-09;SAI-363;30.52;BASE SAI;1;1;0;0;0;5;1;0;4;0;0;0;0;1;0;0;0;4;0;0;0;0;4;SINTETICO
196653;;S;S;A;C33690244239;C30546689979;2025-12-27;2026-02-09;F-03;9.24;LAS CAVERNAS;9;8;4;0;0;13;2;0;3;10;1;0;1;3;0;1;0;15;2;0;0;1;44;SINTETICO
196654;196655;S;S;;C30553613147;C30629827060;2026-03-31;2026-04-19;SAI-651;6.59;AGUADA DEL CAJON;;;1;0;0;9;2;0;3;0;0;0;4;3;0;1;0;6;2;0;0;1;19;SINTETICO
196656;;S;S;A;C30715110268;C30546689979;2026-03-10;2026-03-30;DLS-169;27.1;LA AMARGA CHICA;4;3;0;0;0;18;5;0;6;5;0;0;3;4;0;2;1;13;2;0;0;1;20;SINTETICO
196657;;E;N;D;C30685218190;C30546689979;2026-05-03;2026-05-09;SNB-01;134.19;LOMA LA LATA;1;1;0;0;0;13;2;0;0;0;0;0;0;0;0;0;0;9;0;0;0;0;6;SINTETICO
196658;;E;N;D;C30670239418;C30592665472;2026-03-28;2026-04-05;MARBAR 213;2.28;LOS TOLDOS;6;5;0;0;0;2;3;0;1;0;0;0;0;2;0;0;0;1;0;0;0;0;8;SINTETICO
196659;196660;S;N;A;C33690244239;C30678224010;2026-09-11;2026-09-30;PLUS-01;11.76;BAJO DEL CHOIQUE;4;5;2;0;0;9;3;0;3;7;0;0;2;2;1;1;1;9;3;0;0;1;19;SINTETICO
196661;196662;E;N;D;C30715340026;C30546689979;2025-11-10;2025-11-15;SADA-166;98.05;PARQUE INDUSTRIAL NEUQUEN;;;0;0;0;9;2;0;0;0;0;0;0;0;0;0;0;4;0;0;0;0;5;SINTETICO
196663;196664;S;S;A;C30715110268;C30546689979;2026-09-27;2026-10-14;DLS-169;26.42;LA AMARGA CHICA;4;3;0;0;0;20;5;0;5;6;0;0;2;3;0;3;1;11;2;0;0;2;17;SINTETICO
196665;196666;S;N;D;C33690244239;C33515950899;2025-09-01;2025-10-02;F-24;20.73;BAJO DEL PALO ESTE;4;4;0;0;0;8;2;0;0;0;0;0;0;0;0;0;0;8;0;0;0;0;31;SINTETICO
196667;196668;E;N;D;C30670239418;C30546689979;2026-01-20;2026-01-24;MARBAR - D.BAYO;334.09;BASE NEUQUEN;7;0;0;0;0;6;3;0;2;0;0;0;0;3;0;0;0;3;0;0;0;0;4;SINTETICO
196669;;S;N;D;C33690244239;C33515950899;2026-04-17;2026-06-10;F-24;31.44;BAJADA DEL PALO ESTE;4;4;1;0;0;8;1;0;2;5;1;0;3;4;0;0;0;9;2;0;0;2;54;SINTETICO
196670;;E;N;D;C30553613147;C30678224010;2025-07-31;2025-08-05;SAI-652;18.11;BAJO DEL CHOIQUE;2;1;0;0;0;6;0;0;2;0;0;0;0;0;0;0;0;4;1;0;0;0;5;SINTETICO
196671;;E;N;D;C30715110268;C30546689979;2026-10-26;2026-12-05;DLS-175;1.08;ENTRE LAGOS;;;0;0;0;36;4;1;0;0;0;0;0;0;0;0;0;10;0;0;0;0;40;SINTETICO
196672;196673;E;N;D;C30670239418;C30592665472;2025-09-17;2025-09-21;MARBAR F-36;24.16;FDP;3;0;0;0;0;6;3;0;0;0;0;0;0;0;0;0;0;3;0;0;0;0;4;SINTETICO
196674;196675;E;N;D;C30685218190;C30546689979;2026-07-11;2026-07-17;SNB-01;167.54;LOMA LA LATA;1;1;0;0;0;14;2;0;0;0;0;0;0;0;0;0;0;8;0;0;0;0;6;SINTETICO
196676;196677;S;S;D;C30715340026;C30546689979;2026-03-14;2026-03-24;SADA-167;30.96;LOMA CAMPANA;3;;;;;;;;;;;;;;;;;;;;;;10;SINTETICO
196678;;S;N;A;;;2025-09-11;2025-10-14;F-34;14.54;BAJADA DEL PALO OESTE;4;4;0;0;0;7;1;0;0;0;0;0;0;0;0;0;0;7;0;0;0;0;33;SINTETICO
196679;196680;E;N;D;C30553613147;C30678224010;2026-04-11;2026-04-17;SAI-652;18.83;BAJO DEL CHOIQUE;2;1;0;0;0;5;0;0;2;0;0;0;0;0;0;0;0;5;1;0;0;0;6;SINTETICO
196681;196682;S;N;A;;;2025-10-21;2025-11-09;sai-652;8.3;BAJO DEL CHOIQUE;6;7;0;0;0;9;1;0;1;0;0;0;0;0;0;0;0;5;0;0;0;0;19;SINTETICO
196683;196684;E;N;D;C30685218190;C30546689979;2026-02-05;2026-02-11;SNB-01;153.27;LOMA LA LATA;1;1;0;0;0;15;2;0;0;0;0;0;0;0;0;0;0;8;0;0;0;0;6;SINTETICO
196685;196686;E;N;D;C30670239418;C30592665472;2026-08-18;2026-08-26;MARBAR 213;2.67;LOS TOLDOS;6;5;0;0;0;2;3;0;1;0;0;0;0;2;0;0;0;1;0;0;0;0;8;SINTETICO
196687;196688;E;N;D;C30670239418;C30592665472;2026-04-12;2026-04-16;MARBAR F-36;24.85;FDP;4;0;0;0;0;7;4;0;0;0;0;0;0;0;0;0;0;3;0;0;0;0;4;SINTETICO
196689;196690;S;N;D;C30715340026;C30546689979;2025-11-14;2025-11-22;SADA-168;11.99;LAS CAVERNAS;3;4;0;0;0;6;1;0;0;0;0;0;0;0;0;0;0;4;0;0;0;0;8;SINTETICO
196691;196692;E;N;D;C30685218190;C30546689979;2026-03-25;2026-04-02;SNB-01;127.22;BAJO DEL TORO;1;1;0;0;0;8;9;0;0;0;0;0;1;2;0;0;0;7;0;0;0;0;8;SINTETICO
196693;;S;N;A;;;2026-02-18;2026-03-12;sai-652;7.16;BAJO DEL CHOIQUE;6;6;0;0;0;7;1;0;1;0;0;0;0;0;0;0;0;7;0;0;0;0;22;SINTETICO
196694;;S;S;A;C30715110268;C30546689979;2026-01-28;2026-02-15;DLS-166;9.92;LAJE;6;5;0;0;0;7;1;0;5;0;0;0;0;2;0;1;0;7;1;0;0;0;18;SINTETICO
196695;196696;S;N;A;C30697295883;C30526552659;2026-07-24;2026-08-19;HP-211;2.05;RINCON DE ARANDA;4;;0;0;0;7;2;0;5;5;0;0;4;1;0;1;0;4;3;0;0;1;26;SINTETICO
196697;;E;N;A;C33690244239;C30569719344;2025-12-20;2026-01-27;F-10;92.01;LOMA JARILLOSA;1;1;3;0;0;18;5;0;2;10;1;0;4;6;0;0;0;18;3;0;0;1;38;SINTETICO
196698;196699;E;N;D;C33690244239;C30710346409;2025-10-17;2025-11-02;F-10;141.93;AGUADA PICHANA;6;10;0;0;0;13;6;0;0;0;0;0;0;0;0;0;0;12;0;0;0;0;16;SINTETICO
196700;;S;N;D;C33690244239;C33515950899;2025-10-10;2025-12-01;F-24;31.08;BAJADA DEL PALO ESTE;4;4;1;0;0;7;1;0;3;5;1;0;2;7;0;0;0;7;2;0;0;2;52;SINTETICO
196701;196702;S;N;A;C33690244239;C33515950899;2026-02-25;2026-03-14;F-19;13.24;BAJADA DEL PALO ESTE;6;9;2;0;0;13;4;0;3;9;1;0;3;6;0;1;1;9;2;0;0;2;17;SINTETICO
196703;;S;N;D;C33690244239;C30592665472;2025-09-30;2025-10-23;F-36;24.89;FORTIN DE PIEDRA;4;4;0;0;0;16;1;0;1;0;0;0;0;0;0;0;0;13;0;0;0;0;23;SINTETICO
196704;196705;S;N;D;C30685218190;C30546689979;2025-11-23;2025-11-28;SNB-01;25.62;LOMA CAMPANA;;;0;0;0;10;3;0;0;0;0;0;0;0;0;0;0;6;0;0;0;0;5;SINTETICO
196706;;E;S;A;C30715340026;C30546689979;2026-07-27;2026-08-09;SADA (DLS-167);60.88;LOMA CAMPANA;4;4;0;0;0;7;5;0;2;0;0;0;1;3;0;0;0;2;2;0;0;0;13;SINTETICO
196707;196708;E;S;A;C33690244239;C30546689979;2025-10-22;2025-11-21;F-07;31.29;LA CAVERNA;4;3;0;0;0;11;3;0;1;0;0;0;0;0;0;0;0;11;0;0;0;0;30;SINTETICO
196709;;E;N;D;C30553613147;C30678224010;2025-12-25;2025-12-31;SAI-652;19.03;BAJO DEL CHOIQUE;2;1;0;0;0;6;0;0;2;0;0;0;0;0;0;0;0;5;1;0;0;0;6;SINTETICO
196710;;S;S;A;C30715110268;C30546689979;2026-09-25;2026-10-10;DLS-166;9.15;LAJE;5;7;0;0;0;7;1;0;4;0;0;0;0;2;0;1;0;9;2;0;0;0;15;SINTETICO
196711;196712;E;N;D;C30685218190;C30546689979;2026-02-28;2026-03-08;SNB-01;132.19;BAJO DEL TORO;1;1;0;0;0;17;7;0;0;0;0;0;1;2;0;0;0;7;0;0;0;0;8;SINTETICO
196713;196714;E;N;D;C30697295883;C30546689979;2025-11-26;2025-12-05;HP-219;209.82;LAJE;1;1;1;0;0;25;9;0;2;6;0;0;5;3;0;0;1;20;2;0;0;0;9;SINTETICO
196715;196716;S;N;A;C30553613147;C30678224010;2025-10-12;2025-10-27;SAI-652;5.8;BAJO DEL CHOIQUE;1;1;0;0;0;6;1;0;1;0;0;0;0;0;0;1;0;9;0;0;0;0;15;SINTETICO
196717;196718;E;S;A;C33690244239;C30546689979;2026-07-19;2026-07-31;F-03;46.75;LAS CAVERNAS;4;3;0;0;0;15;4;0;4;8;1;0;0;6;0;1;0;12;3;0;0;5;12;SINTETICO
196719;;S;S;A;C30715110268;C30546689979;2026-05-03;2026-05-22;DLS-169;23.91;LA AMARGA CHICA;5;5;0;0;0;18;5;0;8;5;0;0;3;3;0;2;1;13;2;0;0;2;19;SINTETICO
196720;;S;S;A;C30715110268;C30546689979;2026-03-26;2026-04-12;DLS-166;8.91;LAJE;6;6;0;0;0;8;1;0;3;0;0;0;0;2;0;1;0;8;2;0;0;0;17;SINTETICO
196721;196722;S;N;D;;;2025-06-15;2025-06-30;ENG-768;5.7;Rincon de Aranda;4;3;0;0;0;11;1;0;1;0;0;0;0;0;0;0;1;8;0;0;0;0;15;SINTETICO
196723;;E;N;A;C30697295883;C30523479241;2025-12-17;2025-12-27;HP-447;0.09;EL TRAPIAL;0;0;0;0;0;3;0;0;1;0;0;0;0;2;0;0;0;3;2;0;0;0;10;SINTETICO
196724;196725;E;S;D;;;2026-03-31;2026-04-29;HP-229;219.51;LAJE;1;1;3;0;0;31;9;0;2;6;0;0;14;4;1;0;1;23;3;1;0;2;29;SINTETICO
196726;196727;S;N;D;C30670239418;C30592665472;2026-10-12;2026-10-23;MARBAR F-15;11.16;LOS TOLDOS ESTE;5;5;0;0;0;2;0;0;2;0;0;0;0;1;0;0;0;0;0;0;0;0;11;SINTETICO
196728;;E;S;D;C30715110268;C30546689979;2027-01-22;2027-02-28;DLS-163;371.5;AGUAS NEGRAS;1;1;0;0;0;11;2;0;1;0;0;0;0;1;0;0;0;5;0;0;0;0;37;SINTETICO
196729;196730;E;N;D;C30715340026;C30546689979;2025-09-19;2025-09-26;SADA-167;134.37;LC;7;0;0;0;0;6;5;0;0;0;0;0;0;1;0;0;0;2;1;0;0;0;7;SINTETICO
196731;;E;N;D;;;2025-12-10;2025-12-23;SAI-652;107.59;AÑELO;1;1;0;0;0;0;0;0;0;0;0;0;0;0;0;0;0;0;0;0;0;0;13;SINTETICO
196732;196733;E;N;D;C30715110268;C30695542476;2025-06-23;2025-07-17;DLS-170;58.49;AÑELO;3;3;0;0;0;18;5;0;0;0;0;0;0;1;0;0;0;9;0;0;0;0;24;SINTETICO
196734;;S;S;A;C33690244239;C30592665472;2026-04-21;2026-05-25;F-36;0.88;FORTIN DE PIEDRA;7;6;3;0;0;7;1;0;3;0;1;0;4;4;1;1;0;4;2;0;0;1;34;SINTETICO
196735;196736;E;N;D;C33690244239;C30592665472;2026-10-26;2026-11-23;NB-991;114.56;PUESTO PARADA;1;1;0;0;0;23;4;0;2;5;1;0;1;7;0;0;0;14;3;0;0;0;28;SINTETICO
196737;196738;E;N;D;C30670239418;C30546689979;2026-01-10;2026-01-17;MARBAR-229;217.19;LAJE;1;1;0;0;0;7;2;0;2;0;0;0;1;2;0;0;0;3;0;0;0;0;7;SINTETICO
196739;196740;S;S;A;C30715110268;C30546689979;2026-02-07;2026-03-06;DLS-163;1.5;RIO NEUQUEN;7;7;2;0;0;7;3;0;6;4;0;0;4;5;0;1;1;5;4;0;0;1;27;SINTETICO
196741;196742;S;S;A;C30697295883;C30546689979;2026-11-23;2026-12-19;HP-229;12.94;ENTRE LAGOS;4;4;3;0;0;11;2;0;3;0;0;0;4;2;0;1;0;5;2;0;0;1;26;SINTETICO
196743;;S;N;A;C33690244239;C30592665472;2026-10-11;2026-11-04;F-26;10.63;LOS TOLDOS ESTE;5;5;2;0;0;9;1;0;2;11;1;0;2;4;0;1;0;3;1;0;0;1;24;SINTETICO
196744;196745;S;N;A;C30697295883;C30710346409;2026-01-12;2026-02-02;HP-230;21.38;MATA MORA;4;5;0;0;0;14;4;0;1;0;0;0;0;0;0;0;1;12;0;0;0;0;21;SINTETICO
196746;196747;S;N;D;C30715340026;C30546689979;2026-01-19;2026-01-26;SADA DLS-166;9.2;LAJE;5;5;0;0;0;3;0;0;0;0;0;0;0;1;0;0;0;0;0;0;0;0;7;SINTETICO
196748;196749;S;N;A;C33690244239;C30678224010;2026-07-26;2026-08-12;PLUS-01;9.68;BAJO DEL CHOIQUE;4;5;2;0;0;10;3;0;3;9;0;0;2;1;1;1;1;10;2;0;0;1;17;SINTETICO
196750;196751;S;S;A;C30715110268;C30546689979;2026-10-21;2026-11-10;DLS-169;27.78;LA AMARGA CHICA;4;5;0;0;0;24;6;0;6;5;0;0;2;3;0;2;1;13;2;0;0;2;20;SINTETICO
196752;;S;N;A;C30553613147;C30678224010;2025-08-23;2025-09-10;SAI-652;5.61;BAJO DEL CHOIQUE;1;1;0;0;0;6;1;0;1;0;0;0;0;0;0;1;0;7;0;0;0;0;18;SINTETICO
196753;196754;F;S;;C30503610988;C30546689979;2026-03-16;2026-03-27;SET-02;18.97;LAA;5;;0;0;1;21;5;0;0;0;0;0;0;0;0;0;0;6;0;0;0;0;11;SINTETICO
196755;196756;S;N;D;C33690244239;C33515950899;2025-10-21;2025-11-17;F-24;23.21;BAJO DEL PALO ESTE;4;3;0;0;0;12;2;0;0;0;0;0;0;0;0;0;0;6;0;0;0;0;27;SINTETICO
196757;196758;E;N;D;C33616008639;C30569719344;2025-12-12;2025-12-25;NOV-F-10;75.65;LOMA JARILLOSA;1;1;0;0;0;3;2;0;1;0;0;0;0;2;0;0;0;1;1;0;0;0;13;SINTETICO
196759;;E;N;D;C30715110268;C30695542476;2025-05-12;2025-06-07;DLS-170;61.53;AÑELO;2;3;0;0;0;19;4;0;0;0;0;0;0;1;0;0;0;13;0;0;0;0;26;SINTETICO
196760;196761;S;S;A;C30697295883;C30546689979;2026-08-11;2026-09-02;HP-229;16.5;ENTRE LAGOS;4;3;4;0;0;10;2;0;3;0;0;0;4;2;0;1;0;6;1;0;0;1;22;SINTETICO
196762;196763;S;N;A;C33690244239;C30592665472;2026-01-09;2026-01-27;F-26;10.21;LOS TOLDOS ESTE;5;4;2;0;0;9;1;0;4;13;1;0;2;4;0;1;0;5;2;0;0;1;18;SINTETICO
196764;;S;N;D;C33690244239;C30592665472;2026-01-18;2026-02-12;F-36;26.17;FORTIN DE PIEDRA;5;5;0;0;0;13;1;0;1;0;0;0;0;0;0;0;0;10;0;0;0;0;25;SINTETICO
196765;196766;S;S;A;C33690244239;C30592665472;2026-05-23;2026-06-25;F-36;1.13;FORTIN DE PIEDRA;7;4;3;0;0;5;1;0;2;0;1;0;4;5;1;1;0;4;2;0;0;1;33;SINTETICO
196767;196768;E;S;A;C33690244239;C30546689979;2025-12-23;2026-01-22;F-07;34.29;LA CAVERNA;3;3;0;0;0;13;3;0;1;0;0;0;0;0;0;0;0;10;0;0;0;0;30;SINTETICO
196769;196770;E;N;D;C30670239418;C30546689979;2026-04-15;2026-04-19;MARBAR 166;5.52;LAJE;9;;0;0;0;6;2;0;0;0;0;0;0;0;0;0;0;4;0;0;0;0;4;SINTETICO
196771;196772;E;N;D;C30715340026;C30546689979;2025-06-19;2025-06-24;SADA-166;79.83;PARQUE INDUSTRIAL NEUQUEN;;;0;0;0;9;2;0;0;0;0;0;0;0;0;0;0;3;0;0;0;0;5;SINTETICO
196773;196774;S;N;A;C30697295883;C30526552659;2026-05-13;2026-06-09;HP-211;1.94;RINCON DE ARANDA;6;;0;0;0;8;2;0;3;7;0;0;4;1;0;1;0;3;2;0;0;1;27;SINTETICO
196775;196776;S;N;A;C30670239418;C30592665472;2025-08-25;2025-08-28;MARBAR-213;178.81;LOS TOLDOS;1;1;0;0;0;7;2;0;2;0;0;0;0;2;0;0;0;4;0;0;0;0;3;SINTETICO
196777;;S;N;A;C30697295883;C30526552659;2026-11-18;2026-12-13;HP-211;1.81;RINCON DE ARANDA;6;;0;0;0;7;2;0;3;5;0;0;4;2;0;1;0;3;2;0;0;1;25;SINTETICO
196778;196779;S;N;A;C30697295883;C30710346409;2025-08-16;2025-09-05;HP-230;18.41;MATA MORA;4;2;0;0;0;14;5;0;1;0;0;0;0;0;0;0;1;8;0;0;0;0;20;SINTETICO
196780;;E;N;A;C30697295883;C30523479241;2026-02-01;2026-02-12;HP-447;0.1;EL TRAPIAL;0;0;0;0;0;2;0;0;1;0;0;0;0;2;0;0;0;4;3;0;0;0;11;SINTETICO
196781;196782;E;N;D;;;2026-02-16;2026-02-28;SAI-652;75.35;AÑELO;2;1;0;0;0;0;0;0;0;0;0;0;0;0;0;0;0;0;0;0;0;0;12;SINTETICO
196783;;E;N;D;C30670239418;C30546689979;2025-09-07;2025-09-12;MARBAR - D.BAYO;366.9;BASE NEUQUEN;7;0;0;0;0;6;3;0;2;0;0;0;0;2;0;0;0;3;0;0;0;0;5;SINTETICO
196784;196785;E;N;A;C30685218190;C30546689979;2026-01-13;2026-02-02;SNB-01;180.2;LOMA LA LATA;1;1;0;0;0;16;6;0;0;0;0;0;1;3;0;0;0;5;0;0;0;0;20;SINTETICO
196786;196787;E;N;D;C33616008639;C30569719344;2026-02-24;2026-03-06;NOV-F-10;98.13;LOMA JARILLOSA;1;1;0;0;0;3;2;0;1;0;0;0;0;2;0;0;0;1;1;0;0;0;10;SINTETICO
196788;196789;S;N;A;C30697295883;C30710346409;2025-09-21;2025-10-14;HP-230;25.5;MATA MORA;4;3;0;0;0;14;3;0;1;0;0;0;0;0;0;0;1;9;0;0;0;0;23;SINTETICO
196790;196791;E;N;D;C33690244239;C30710346409;2026-02-16;2026-03-09;F-10;121.82;AGUADA PICHANA;7;10;0;0;0;16;7;0;0;0;0;0;0;0;0;0;0;10;0;0;0;0;21;SINTETICO
196792;;S;N;A;C30692298426;C30526552659;2025-11-27;2026-01-03;ENG-768;12.33;RINCON DE ARANDA;3;4;0;0;0;6;2;0;3;0;0;0;0;5;0;0;0;7;2;0;0;0;37;SINTETICO
196793;;S;N;D;C30670239418;C30546689979;2026-07-30;2026-08-11;HP-213;31.2;LESC;2;;0;0;0;5;1;0;0;0;0;0;0;0;0;0;0;2;0;0;0;0;12;SINTETICO
196794;196795;S;N;A;;;2025-11-29;2025-12-23;F-34;15.25;BAJADA DEL PALO OESTE;3;3;0;0;0;7;1;0;0;0;0;0;0;0;0;0;0;4;0;0;0;0;24;SINTETICO
196796;196797;E;N;D;C30670239418;C30546689979;2026-08-24;2026-09-01;MARBAR-229;230.03;LAJE;1;1;0;0;0;7;2;0;2;0;0;0;1;2;0;0;0;4;0;0;0;0;8;SINTETICO
196798;;S;N;A;;;2025-05-12;2025-06-10;F-34;16.22;BAJADA DEL PALO OESTE;4;4;0;0;0;8;1;0;0;0;0;0;0;0;0;0;0;7;0;0;0;0;29;SINTETICO
196799;196800;E;N;D;C30670239418;C30592665472;2025-09-30;2025-10-09;MARBAR 213;1.86;LOS TOLDOS;4;5;0;0;0;1;3;0;1;0;0;0;0;2;0;0;0;1;0;0;0;0;9;SINTETICO
196801;196802;E;N;D;C30715340026;C30546689979;2025-05-18;2025-05-22;SADA-167;136.19;LOMA CAMPANA;1;1;;;;;;;;;;;;;;;;;;;;;4;SINTETICO
196803;;S;N;D;C30685218190;C30546689979;2025-10-05;2025-10-10;SNB-01;22.96;LOMA CAMPANA;;;0;0;0;8;3;0;0;0;0;0;0;0;0;0;0;4;0;0;0;0;5;SINTETICO
196804;;S;S;D;C30715340026;C30546689979;2026-08-12;2026-08-19;SADA-167;32.31;LOMA CAMPANA;3;;;;;;;;;;;;;;;;;;;;;;7;SINTETICO
196805;196806;E;N;D;C30685218190;C30546689979;2026-06-09;2026-06-17;SNB-01;131.47;BAJO DEL TORO;1;1;0;0;0;13;7;0;0;0;0;0;1;2;0;0;0;7;0;0;0;0;8;SINTETICO
196807;;E;S;A;C33690244239;C30546689979;2026-01-05;2026-02-01;F-07;36.3;LA CAVERNA;5;3;0;0;0;15;4;0;1;0;0;0;0;0;0;0;0;14;0;0;0;0;27;SINTETICO
196808;196809;S;N;A;;;2025-06-09;2025-07-11;F-34;15.52;BAJADA DEL PALO OESTE;5;3;0;0;0;7;1;0;0;0;0;0;0;0;0;0;0;6;0;0;0;0;32;SINTETICO
196810;196811;E;S;D;C33690244239;C30546689979;2025-06-25;2025-07-21;F-35;52.74;LAJE;2;2;0;0;0;13;6;0;0;0;0;0;1;0;0;0;0;15;0;0;0;0;26;SINTETICO
196812;;S;N;D;C30685218190;C30546689979;2026-02-21;2026-02-26;SNB-01;26.13;LOMA CAMPANA;;;0;0;0;9;3;0;0;0;0;0;0;0;0;0;0;5;0;0;0;0;5;SINTETICO
196813;196814;E;N;D;C33690244239;C30710346409;2025-11-14;2025-11-30;F-10;123.1;AGUADA PICHANA;6;6;0;0;0;19;8;0;0;0;0;0;0;0;0;0;0;9;0;0;0;0;16;SINTETICO
196815;;S;N;D;C30670239418;C30592665472;2026-05-20;2026-05-26;MARBAR F-36;0.98;FORTIN DE PIEDRA;3;3;0;0;0;2;0;0;1;0;0;0;0;1;0;0;0;1;1;0;0;0;6;SINTETICO
196816;;E;S;D;C33690244239;C30546689979;2025-09-06;2025-09-26;F-35;58.1;LAJE;3;2;0;0;0;21;6;0;0;0;0;0;1;0;0;0;0;11;0;0;0;0;20;SINTETICO
196817;196818;S;S;A;C33690244239;C30546689979;2026-05-27;2026-06-23;F-07;30.57;LAS CAVERNAS;3;2;4;0;0;12;4;0;3;9;3;0;3;4;0;1;0;8;2;0;0;2;27;SINTETICO
196819;196820;S;N;D;;;2025-05-31;2025-06-15;ENG-768;5.77;Rincon de Aranda;6;4;0;0;0;9;1;0;1;0;0;0;0;0;0;0;1;9;0;0;0;0;15;SINTETICO
196821;196822;E;S;D;C30715110268;C30546689979;2026-05-22;2026-06-26;DLS-163;360.28;AGUAS NEGRAS;1;1;0;0;0;13;2;0;1;0;0;0;0;1;0;0;0;5;0;0;0;0;35;SINTETICO
